id,nombre,apellido,edad,correo_electronico,pais,telefono,fecha_registro
1,Matthaeus,Kett,34,mkett0@soup.io,,894-362-4987,15/03/2024
2,Thomasin,Chamberlaine,,tchamberlaine1@toplist.cz,,378-982-9615,04/03/2024
3,Delcine,Knoller,74,dknoller2@squidoo.com,France,936-694-7586,06/01/2024
4,Worthington,Connah,,wconnah3@shinystat.com,,103-453-1414,14/09/2024
5,Goran,Kabos,,gkabos4@jimdo.com,Indonesia,825-650-2595,08/04/2024
6,Lauryn,Waller-Bridge,27,lwallerbridge5@example.com,,650-525-6647,30/07/2024
7,Mordecai,Seagrove,,mseagrove6@360.cn,Argentina,552-620-5488,11/03/2024
8,Huntley,Ballentime,,hballentime7@seattletimes.com,,650-773-1027,19/08/2024
9,Herrick,Burdikin,21,hburdikin8@jalbum.net,Mexico,721-689-8125,03/03/2024
10,Hamnet,Howford,49,hhowford9@virginia.edu,,252-664-0585,06/05/2024
11,Claudetta,McKellar,72,cmckellara@spotify.com,Ukraine,391-636-2567,25/03/2024
12,Fayette,Agent,74,fagentb@nymag.com,Lithuania,239-335-8531,06/09/2024
13,Farah,Walwood,56,fwalwoodc@icq.com,Sweden,691-509-3340,28/03/2024
14,Veronique,Eldrett,30,veldrettd@stumbleupon.com,China,451-617-4692,26/04/2024
15,Doyle,Landrick,,dlandricke@sogou.com,,176-505-3100,11/09/2024
16,Nolly,Ekless,,neklessf@prnewswire.com,China,447-984-8542,11/02/2024
17,Ronda,Wyre,,rwyreg@mail.ru,Portugal,273-781-8226,29/02/2024
18,Ayn,Keitch,78,akeitchh@squarespace.com,Brazil,478-123-4047,08/03/2024
19,Sybilla,Zanetto,,szanettoi@army.mil,,300-312-4367,03/02/2024
20,Josiah,Fleote,85,jfleotej@pagesperso-orange.fr,China,755-796-1606,23/08/2024
21,Aveline,Bingell,44,abingellk@walmart.com,Philippines,429-522-2837,24/01/2024
22,Haven,Cheak,57,hcheakl@pagesperso-orange.fr,,698-813-8114,18/09/2024
23,Ailee,Renney,68,arenneym@t-online.de,Cambodia,774-477-2368,11/01/2024
24,Vilma,Wardrope,,vwardropen@youtu.be,Uzbekistan,348-151-4847,15/03/2024
25,Di,Workman,57,dworkmano@google.it,Portugal,126-769-5509,14/09/2024
26,Dewain,Lesly,,dleslyp@simplemachines.org,China,708-298-1428,02/03/2024
27,Brew,Dairton,27,bdairtonq@parallels.com,Philippines,964-752-9379,11/06/2024
28,Hewet,Stych,34,hstychr@unicef.org,Portugal,592-968-4368,17/04/2024
29,Artemas,Culham,33,aculhams@ftc.gov,Brazil,968-968-0027,07/09/2024
30,Thurston,Olander,30,tolandert@etsy.com,Iran,626-635-4373,20/05/2024
31,Jehanna,Morcom,39,jmorcomu@nbcnews.com,Philippines,570-171-0756,04/03/2024
32,Titos,Straughan,,tstraughanv@smugmug.com,China,531-417-2524,28/05/2024
33,Livvyy,Westcarr,,lwestcarrw@tripadvisor.com,Mongolia,152-693-8181,27/02/2024
34,Tremayne,Kenway,39,tkenwayx@spotify.com,,966-110-8585,10/07/2024
35,Terri,Gyves,63,tgyvesy@mtv.com,China,903-314-3968,26/08/2024
36,Skipton,De Metz,63,sdemetzz@baidu.com,Uzbekistan,166-775-1333,29/08/2024
37,Addy,Antoniewicz,71,aantoniewicz10@yolasite.com,Poland,987-718-0164,12/02/2024
38,Elia,McKelloch,21,emckelloch11@narod.ru,Philippines,593-821-6255,03/06/2024
39,Lulu,De la Perrelle,,ldelaperrelle12@unesco.org,Czech Republic,386-552-7875,09/08/2024
40,Halsy,Vennard,,hvennard13@amazon.co.uk,Philippines,386-115-6236,09/06/2024
41,Cathrin,Klimuk,85,cklimuk14@tuttocitta.it,Philippines,457-386-4364,10/09/2024
42,Terrill,Bisatt,59,tbisatt15@w3.org,Ivory Coast,363-343-7750,01/08/2024
43,Reinaldos,Phipard-Shears,,rphipardshears16@list-manage.com,,711-717-2039,15/02/2024
44,Ralph,Jarmyn,,rjarmyn17@examiner.com,,847-748-6374,06/01/2024
45,Wash,Casterot,57,wcasterot18@netvibes.com,Indonesia,956-800-3995,29/02/2024
46,Pier,Francillo,62,pfrancillo19@narod.ru,Canada,542-840-8721,20/09/2024
47,Renaud,Hulke,,rhulke1a@gov.uk,France,346-319-8094,10/06/2024
48,Cord,Verralls,30,cverralls1b@rakuten.co.jp,Sweden,882-432-1717,22/03/2024
49,Porter,Proschke,,pproschke1c@mapy.cz,Kazakhstan,452-583-1861,26/02/2024
50,Kore,Cripwell,20,kcripwell1d@arizona.edu,,483-801-4500,10/09/2024
51,Jannel,Reese,57,jreese1e@facebook.com,,899-281-7528,20/05/2024
52,Mathilda,Churms,45,mchurms1f@wikipedia.org,Monaco,952-659-1719,18/05/2024
53,Constanta,Swayne,,cswayne1g@biblegateway.com,Indonesia,845-829-3725,14/08/2024
54,Merlina,Barnes,50,mbarnes1h@epa.gov,Norway,368-781-1045,19/09/2024
55,Nevin,Yetman,59,nyetman1i@apache.org,China,332-444-6936,09/03/2024
56,Beale,Risborough,,brisborough1j@npr.org,,510-331-0308,15/04/2024
57,Alecia,Extil,,aextil1k@hibu.com,Nigeria,284-493-7363,01/05/2024
58,Wendell,Cowser,76,wcowser1l@weather.com,,873-369-5079,26/09/2024
59,Laina,Clissell,85,lclissell1m@bizjournals.com,,362-455-4535,04/02/2024
60,Bernadette,Sperry,75,bsperry1n@merriam-webster.com,Serbia,150-858-5389,10/06/2024
61,Karena,Venour,63,kvenour1o@nih.gov,,436-830-3170,15/03/2024
62,Rory,Pepperd,18,rpepperd1p@gravatar.com,,826-249-3768,02/07/2024
63,Daisey,Wride,,dwride1q@google.com,China,563-770-2545,16/06/2024
64,Meade,Soppeth,59,msoppeth1r@miitbeian.gov.cn,Egypt,339-624-6805,29/07/2024
65,Hamlin,Farlambe,68,hfarlambe1s@webmd.com,Honduras,546-419-2619,13/02/2024
66,Natalina,Aysik,36,naysik1t@tuttocitta.it,Armenia,481-960-2645,02/08/2024
67,Ciro,Grinyakin,63,cgrinyakin1u@infoseek.co.jp,China,467-133-7091,05/05/2024
68,Lyell,McEnery,23,lmcenery1v@bluehost.com,United States,239-261-4156,31/03/2024
69,Nappy,Kingcott,32,nkingcott1w@amazon.de,China,663-977-4896,06/03/2024
70,Salvatore,Swane,65,sswane1x@baidu.com,Russia,186-129-2674,31/03/2024
71,Pris,Newbegin,47,pnewbegin1y@feedburner.com,,117-833-9363,10/06/2024
72,Kimball,Sissens,48,ksissens1z@google.cn,,260-637-2789,17/08/2024
73,Elia,Thorndycraft,48,ethorndycraft20@wunderground.com,China,562-748-1216,29/06/2024
74,Waylon,Klemensiewicz,46,wklemensiewicz21@elpais.com,Russia,555-454-9898,13/07/2024
75,Eran,Galbreth,58,egalbreth22@1688.com,Tanzania,249-188-8893,11/09/2024
76,Sigvard,McGinly,28,smcginly23@comsenz.com,Indonesia,100-842-8346,23/01/2024
77,Werner,Cousins,45,wcousins24@mapy.cz,China,773-441-8096,06/09/2024
78,Imogen,Drydale,69,idrydale25@1688.com,China,746-303-4324,18/02/2024
79,Kiri,Shackel,81,kshackel26@uol.com.br,Indonesia,567-322-1537,13/09/2024
80,Falito,Styche,,fstyche27@weibo.com,United States,213-766-4666,25/01/2024
81,Carolus,McGilben,68,cmcgilben28@yahoo.co.jp,,208-705-9301,18/07/2024
82,Mag,Philippet,70,mphilippet29@jalbum.net,Sweden,157-276-7858,13/02/2024
83,Jenica,Fullom,71,jfullom2a@mac.com,,805-365-2117,23/08/2024
84,Roma,Barens,22,rbarens2b@tripadvisor.com,Brazil,284-694-1367,04/02/2024
85,Phillida,Summerley,,psummerley2c@flickr.com,,870-321-0908,16/06/2024
86,Stafani,Diggons,,sdiggons2d@ftc.gov,Chile,884-834-6526,20/04/2024
87,Mora,Fowley,47,mfowley2e@jimdo.com,Iran,259-937-1980,29/05/2024
88,Nixie,Parsons,26,nparsons2f@ucoz.ru,Ukraine,339-199-6033,08/06/2024
89,Ernest,Bossingham,80,ebossingham2g@apple.com,Peru,416-239-7451,12/07/2024
90,Orly,Ebbens,80,oebbens2h@naver.com,Canada,254-814-7060,25/09/2024
91,Judah,de Broke,24,jdebroke2i@springer.com,China,553-346-4555,31/01/2024
92,Margaux,Britt,,mbritt2j@cisco.com,China,391-395-4756,17/05/2024
93,Ellie,Skitt,,eskitt2k@dailymotion.com,Poland,805-755-6389,18/02/2024
94,Nerti,Wrought,79,nwrought2l@mashable.com,Brazil,627-675-4903,21/04/2024
95,Leontine,Yellowlees,80,lyellowlees2m@cargocollective.com,Bangladesh,368-544-7210,22/04/2024
96,Dalenna,Monkleigh,46,dmonkleigh2n@statcounter.com,Indonesia,256-809-7292,17/03/2024
97,Cati,Hinken,79,chinken2o@geocities.jp,Uzbekistan,439-709-1537,20/09/2024
98,Dottie,Biddlecombe,77,dbiddlecombe2p@twitpic.com,Philippines,285-356-6978,13/07/2024
99,Omero,Cassey,81,ocassey2q@mediafire.com,Indonesia,149-930-6744,08/09/2024
100,Hurleigh,Aliman,29,haliman2r@seattletimes.com,Colombia,480-863-1225,19/09/2024
101,Roberto,Codman,,rcodman2s@opera.com,Bahamas,751-813-3892,06/04/2024
102,Ursa,Ambrogio,,uambrogio2t@themeforest.net,Poland,620-144-5068,11/05/2024
103,Lil,Jannequin,51,ljannequin2u@example.com,Indonesia,294-962-4437,01/08/2024
104,Sherman,Jennery,30,sjennery2v@harvard.edu,Colombia,367-464-8868,25/06/2024
105,Neville,Egerton,,negerton2w@ning.com,Greece,883-215-8149,04/04/2024
106,Fransisco,Paradine,70,fparadine2x@wsj.com,China,803-321-0204,02/05/2024
107,Clerkclaude,Adrian,77,cadrian2y@hubpages.com,Portugal,849-462-3177,01/08/2024
108,Baldwin,Gladdor,54,bgladdor2z@webs.com,South Africa,656-815-1468,02/02/2024
109,Lucita,Urling,52,lurling30@disqus.com,Japan,918-388-3634,13/05/2024
110,Rafaela,Chetwynd,85,rchetwynd31@github.com,Philippines,994-997-1592,12/05/2024
111,Dwain,Skepper,32,dskepper32@themeforest.net,Tajikistan,692-415-2855,29/01/2024
112,Ines,Boggs,60,iboggs33@delicious.com,Indonesia,832-286-4483,29/03/2024
113,Selie,Yeell,22,syeell34@shareasale.com,,904-980-9139,25/05/2024
114,Townsend,Cushe,24,tcushe35@columbia.edu,,441-901-3968,11/04/2024
115,Lucienne,Maidens,44,lmaidens36@dion.ne.jp,Russia,116-891-9100,26/06/2024
116,Elvina,Corcut,26,ecorcut37@people.com.cn,Honduras,620-828-9948,30/08/2024
117,Laure,Lippiello,,llippiello38@youtube.com,Thailand,235-233-7830,11/03/2024
118,Belvia,Longmuir,33,blongmuir39@umich.edu,,494-746-3056,19/02/2024
119,Andria,Goodsir,69,agoodsir3a@cam.ac.uk,Cuba,587-793-6688,07/01/2024
120,Moshe,Brinsden,38,mbrinsden3b@state.tx.us,Portugal,933-176-3158,26/04/2024
121,Jaine,Tutchings,36,jtutchings3c@illinois.edu,,807-198-9497,21/09/2024
122,Adore,Innwood,,ainnwood3d@toplist.cz,,631-708-0972,23/06/2024
123,Linell,Wilgar,,lwilgar3e@slashdot.org,China,759-185-6110,05/03/2024
124,Ellie,Kubera,76,ekubera3f@cnn.com,Indonesia,640-451-3247,03/05/2024
125,Eveline,Gill,56,egill3g@w3.org,Sweden,112-842-2949,23/09/2024
126,Jasun,Danby,68,jdanby3h@archive.org,Bulgaria,401-701-7884,09/06/2024
127,Clarabelle,Rangell,26,crangell3i@t.co,Philippines,507-357-9259,17/05/2024
128,Addy,Oakenfall,,aoakenfall3j@icio.us,Brazil,394-216-0066,18/03/2024
129,Jsandye,Derges,,jderges3k@webnode.com,Indonesia,794-368-4290,27/09/2024
130,Tracie,Lehmann,38,tlehmann3l@bbb.org,Indonesia,467-200-7327,30/04/2024
131,Zolly,Bartosinski,45,zbartosinski3m@amazon.de,Greece,825-747-0186,03/01/2024
132,Henrietta,Barstowk,51,hbarstowk3n@sun.com,United States,913-209-6458,30/07/2024
133,Veronique,Rakes,58,vrakes3o@howstuffworks.com,,775-383-9862,08/01/2024
134,Nikolai,Plaice,69,nplaice3p@tumblr.com,China,828-652-7685,11/02/2024
135,Derk,Knowlson,38,dknowlson3q@hostgator.com,Russia,802-169-5134,14/01/2024
136,Say,Monkhouse,54,smonkhouse3r@wiley.com,,753-136-3233,02/03/2024
137,Merla,Fairbourne,,mfairbourne3s@yolasite.com,France,507-474-8998,18/04/2024
138,June,Rosoman,24,jrosoman3t@illinois.edu,France,357-569-8691,18/06/2024
139,Angie,Hassewell,18,ahassewell3u@t-online.de,Honduras,951-162-2143,19/05/2024
140,Regan,Selcraig,84,rselcraig3v@hostgator.com,Indonesia,957-404-9210,14/03/2024
141,Hadrian,Girdler,82,hgirdler3w@bizjournals.com,Indonesia,247-925-4185,24/01/2024
142,Hagan,Witchell,39,hwitchell3x@twitter.com,,265-731-5961,26/03/2024
143,Orren,Edgeler,26,oedgeler3y@e-recht24.de,Poland,618-522-1680,17/08/2024
144,Renata,Olenichev,25,rolenichev3z@ftc.gov,,424-543-7943,31/07/2024
145,Hobey,Firby,,hfirby40@com.com,Micronesia,246-755-0020,13/02/2024
146,Vivia,Yelland,41,vyelland41@elegantthemes.com,Canada,309-523-5130,06/04/2024
147,Belita,Tetla,,btetla42@pcworld.com,Indonesia,148-134-6711,11/08/2024
148,Shannan,Berthelet,58,sberthelet43@google.co.uk,Brazil,609-980-3717,30/07/2024
149,Truda,Luddy,,tluddy44@squarespace.com,China,490-137-4284,22/07/2024
150,Siward,Yexley,35,syexley45@house.gov,Greece,673-998-9403,22/08/2024
151,Lindsay,Hartropp,,lhartropp46@toplist.cz,Senegal,924-178-6284,07/03/2024
152,Caitlin,Simonelli,47,csimonelli47@i2i.jp,China,636-623-0860,28/03/2024
153,Ethelred,Cantopher,58,ecantopher48@answers.com,Andorra,143-105-2071,27/09/2024
154,Myrlene,Follan,80,mfollan49@wisc.edu,Russia,136-203-7529,15/05/2024
155,Elliott,Fuggle,46,efuggle4a@unblog.fr,Philippines,945-405-5471,02/09/2024
156,Doralynne,Start,38,dstart4b@ycombinator.com,Colombia,430-281-5349,14/09/2024
157,Helge,Dulwitch,55,hdulwitch4c@hexun.com,China,873-338-8704,30/05/2024
158,Maddie,Shaddock,79,mshaddock4d@google.ca,China,312-152-7641,01/09/2024
159,Garth,Balchin,20,gbalchin4e@dropbox.com,Ukraine,657-811-6576,12/06/2024
160,Cyndie,Presslie,66,cpresslie4f@hao123.com,United States,650-814-4089,06/07/2024
161,Thaddus,Soar,68,tsoar4g@tiny.cc,Switzerland,279-533-1190,16/05/2024
162,Deck,Tollett,20,dtollett4h@indiatimes.com,Ethiopia,434-675-0719,15/05/2024
163,Riordan,Batthew,,rbatthew4i@japanpost.jp,Sweden,606-119-2095,11/04/2024
164,Agnola,Piscopo,35,apiscopo4j@mayoclinic.com,China,978-641-5692,03/07/2024
165,Thorndike,Hanhard,83,thanhard4k@photobucket.com,China,750-281-4405,01/08/2024
166,Shel,Zaczek,,szaczek4l@drupal.org,China,546-537-5016,17/09/2024
167,Obediah,Klaiser,41,oklaiser4m@blogtalkradio.com,Venezuela,452-941-9195,13/03/2024
168,Wallie,Petrolli,51,wpetrolli4n@ucsd.edu,Croatia,391-371-9314,10/05/2024
169,Lonee,Batchley,54,lbatchley4o@reference.com,Indonesia,718-272-7179,05/03/2024
170,Charline,Mussington,,cmussington4p@tinyurl.com,Colombia,656-701-0315,17/01/2024
171,Mahmud,Roistone,65,mroistone4q@comcast.net,Indonesia,564-680-1780,25/02/2024
172,Davita,Moutray Read,,dmoutrayread4r@rakuten.co.jp,Thailand,819-233-7069,26/07/2024
173,Gino,Frammingham,,gframmingham4s@ameblo.jp,Poland,869-265-7786,31/01/2024
174,Fred,Haquard,21,fhaquard4t@japanpost.jp,Sweden,216-885-3560,07/09/2024
175,Davon,Maxwaile,72,dmaxwaile4u@hhs.gov,Indonesia,216-517-2733,29/05/2024
176,Walker,Ramel,24,wramel4v@gizmodo.com,Greece,855-761-0895,24/03/2024
177,Elfreda,Petworth,,epetworth4w@utexas.edu,Senegal,520-893-7732,09/09/2024
178,Tami,Rainard,74,trainard4x@sun.com,Ecuador,215-824-5730,30/05/2024
179,Yetty,Bethel,,ybethel4y@yelp.com,Indonesia,613-247-1446,19/05/2024
180,Addi,Tullis,,atullis4z@guardian.co.uk,Portugal,263-445-6108,24/05/2024
181,Keenan,Mc Coughan,64,kmccoughan50@cbsnews.com,Paraguay,685-427-3050,05/05/2024
182,Giulia,Checci,,gchecci51@technorati.com,Sweden,342-499-5792,13/02/2024
183,Blake,Hadaway,52,bhadaway52@google.fr,Russia,511-536-7710,29/03/2024
184,Golda,Bane,60,gbane53@stanford.edu,Mauritius,299-980-4795,13/04/2024
185,Terrel,Domino,,tdomino54@dropbox.com,,691-298-2559,11/06/2024
186,Teddie,Assaf,39,tassaf55@ed.gov,Honduras,955-321-6389,19/06/2024
187,Frankie,Yendall,,fyendall56@ifeng.com,Colombia,701-858-0647,25/09/2024
188,Malva,Tellenbrook,82,mtellenbrook57@dedecms.com,Canada,123-192-5411,14/04/2024
189,Cara,Wolstencroft,72,cwolstencroft58@instagram.com,Cuba,496-764-4493,24/09/2024
190,Erv,Charrette,,echarrette59@zimbio.com,,670-685-1821,30/03/2024
191,Cassi,O'Kinedy,26,cokinedy5a@newsvine.com,,499-948-5225,26/08/2024
192,Orv,Le-Good,50,olegood5b@ebay.co.uk,,557-246-8389,21/03/2024
193,Valene,Loveard,20,vloveard5c@soup.io,Argentina,755-715-8333,30/03/2024
194,Pauly,Halhead,33,phalhead5d@prnewswire.com,China,275-399-8260,20/08/2024
195,Mercie,Mordin,79,mmordin5e@prlog.org,China,460-952-2082,24/04/2024
196,Dacey,Munnings,69,dmunnings5f@pcworld.com,Mexico,441-764-6084,09/09/2024
197,Mord,Hanselmann,83,mhanselmann5g@wp.com,Indonesia,915-859-2214,26/07/2024
198,Lizzy,Mugford,54,lmugford5h@msn.com,China,960-352-4211,10/04/2024
199,Marget,Hartman,57,mhartman5i@chronoengine.com,China,604-962-1412,24/01/2024
200,Bettye,McMillian,,bmcmillian5j@booking.com,Greece,828-487-3356,14/09/2024
201,Rebekkah,Bew,34,rbew5k@intel.com,,231-726-0257,19/03/2024
202,Annemarie,Retallack,58,aretallack5l@unesco.org,Uganda,967-130-4535,23/06/2024
203,Martelle,Hugk,61,mhugk5m@people.com.cn,China,702-163-0613,04/06/2024
204,Stormie,Orman,53,sorman5n@cloudflare.com,United States,815-836-1746,15/02/2024
205,Faber,Bryson,67,fbryson5o@ca.gov,United States,704-546-8142,08/01/2024
206,Kerri,Monni,,kmonni5p@weibo.com,Serbia,487-292-7900,28/07/2024
207,Malena,Farmiloe,,mfarmiloe5q@arstechnica.com,Portugal,377-977-4654,26/03/2024
208,Hurlee,Hillburn,34,hhillburn5r@admin.ch,Thailand,761-481-2537,06/06/2024
209,Trudy,Vaud,55,tvaud5s@sourceforge.net,Turkmenistan,170-681-9589,12/09/2024
210,Karita,Dalmon,65,kdalmon5t@skyrock.com,Brazil,249-432-4035,29/09/2024
211,Barbra,Douch,21,bdouch5u@vk.com,Philippines,423-825-2286,28/03/2024
212,Adelice,Eddington,45,aeddington5v@lulu.com,China,235-844-6330,20/08/2024
213,Stacee,Clampin,46,sclampin5w@parallels.com,Indonesia,335-822-4755,27/05/2024
214,Nanny,Lente,55,nlente5x@smh.com.au,Philippines,896-191-9346,02/04/2024
215,Basilio,Bastock,64,bbastock5y@usgs.gov,Croatia,559-557-1705,11/06/2024
216,Monika,O'Dyvoy,32,modyvoy5z@reddit.com,Czech Republic,714-589-3628,27/04/2024
217,Krissie,Clemoes,50,kclemoes60@csmonitor.com,,583-132-6540,26/09/2024
218,Bernadene,Baverstock,79,bbaverstock61@tinyurl.com,China,881-747-2676,01/05/2024
219,Alene,Orsman,73,aorsman62@usda.gov,Poland,351-606-4235,09/02/2024
220,Tadio,Domeny,68,tdomeny63@i2i.jp,Indonesia,115-644-8362,09/09/2024
221,Anetta,Daffern,20,adaffern64@simplemachines.org,Colombia,821-819-0797,20/07/2024
222,Kele,Hartlebury,,khartlebury65@amazon.de,Indonesia,488-352-4251,15/03/2024
223,Tan,Dunnet,,tdunnet66@ftc.gov,Sweden,374-706-2290,11/09/2024
224,Madelena,Gostridge,,mgostridge67@toplist.cz,Peru,715-416-2357,17/06/2024
225,Rochelle,Yurov,56,ryurov68@g.co,Myanmar,469-202-3778,20/03/2024
226,Nariko,Commin,,ncommin69@weather.com,China,334-698-0910,14/08/2024
227,Jaymie,Morton,26,jmorton6a@washingtonpost.com,,219-836-9278,07/03/2024
228,Ambrose,Lafuente,35,alafuente6b@sourceforge.net,Indonesia,912-223-9567,08/02/2024
229,Ransell,Neale,37,rneale6c@mysql.com,,995-659-1790,26/08/2024
230,Alverta,Remmers,52,aremmers6d@biblegateway.com,United States,651-683-4729,07/07/2024
231,Lockwood,Busfield,77,lbusfield6e@loc.gov,Belarus,675-833-9061,15/02/2024
232,Pincas,Bonnyson,,pbonnyson6f@cafepress.com,Poland,178-378-7188,31/01/2024
233,Abramo,Hoy,81,ahoy6g@howstuffworks.com,China,528-366-8036,29/08/2024
234,Pearl,Rochford,,prochford6h@hexun.com,Mexico,631-550-4208,01/08/2024
235,Basilio,MacCarroll,26,bmaccarroll6i@slashdot.org,Russia,778-198-6036,11/04/2024
236,Kalvin,Powter,85,kpowter6j@miibeian.gov.cn,,786-412-9174,13/02/2024
237,Ase,Ellings,47,aellings6k@rediff.com,South Africa,506-571-5373,23/04/2024
238,Helenelizabeth,Kettlestringe,51,hkettlestringe6l@over-blog.com,,427-711-6507,25/07/2024
239,Colan,Shenton,34,cshenton6m@gov.uk,Switzerland,436-662-6317,30/07/2024
240,Carla,Bellefant,40,cbellefant6n@goo.ne.jp,Afghanistan,307-580-3475,24/01/2024
241,Oralee,Perott,19,operott6o@scribd.com,,166-612-9474,19/04/2024
242,Micky,Willes,76,mwilles6p@webs.com,China,953-930-6998,06/05/2024
243,Otis,Lake,,olake6q@amazonaws.com,North Korea,551-838-1857,01/05/2024
244,Cheryl,Oake,,coake6r@xrea.com,,114-959-9094,12/04/2024
245,Lilia,Triplet,,ltriplet6s@drupal.org,United States,786-979-0996,06/05/2024
246,Allyn,McGarry,35,amcgarry6t@comcast.net,Indonesia,144-118-7472,03/02/2024
247,Wilburt,Maultby,62,wmaultby6u@ted.com,China,411-385-4968,18/09/2024
248,Torey,Drew,,tdrew6v@cornell.edu,Ukraine,320-485-9047,20/04/2024
249,Peder,Flips,76,pflips6w@eepurl.com,China,971-212-8472,11/07/2024
250,Megen,Solleme,34,msolleme6x@yelp.com,Cuba,555-452-2997,03/05/2024
251,Carleen,Yashin,21,cyashin6y@biglobe.ne.jp,Nigeria,755-621-4709,29/08/2024
252,Loraine,Bainbridge,46,lbainbridge6z@homestead.com,Mauritius,939-265-8430,28/07/2024
253,Rudiger,Demchen,52,rdemchen70@sogou.com,Kazakhstan,120-430-4219,28/05/2024
254,Harrison,Rockliffe,,hrockliffe71@techcrunch.com,China,567-895-6619,03/06/2024
255,Ellyn,Baynes,18,ebaynes72@prweb.com,Brazil,495-220-0149,12/09/2024
256,Davin,Welbeck,82,dwelbeck73@businessinsider.com,,987-534-2910,20/01/2024
257,Erl,Ruslin,,eruslin74@irs.gov,Australia,515-126-4370,11/09/2024
258,Alverta,Preskett,59,apreskett75@shareasale.com,China,845-478-7158,13/03/2024
259,Ealasaid,Hallibone,85,ehallibone76@businesswire.com,,187-325-6319,20/03/2024
260,Frieda,Harron,82,fharron77@senate.gov,,417-545-9749,28/06/2024
261,Gwenore,Maevela,72,gmaevela78@microsoft.com,Philippines,778-208-5566,26/06/2024
262,Rosaleen,Laurenty,75,rlaurenty79@wisc.edu,France,292-582-6644,30/04/2024
263,Addi,Capeloff,84,acapeloff7a@mediafire.com,Sweden,441-860-2683,29/09/2024
264,Fleming,MacLise,,fmaclise7b@theatlantic.com,Kuwait,262-430-4009,09/09/2024
265,Cosme,Lawtey,59,clawtey7c@fc2.com,,503-826-7279,18/02/2024
266,Dolli,Verlinden,29,dverlinden7d@wired.com,,909-297-4150,30/08/2024
267,Harmony,Swanborough,41,hswanborough7e@printfriendly.com,Colombia,187-365-3242,25/09/2024
268,Dallis,Shevels,82,dshevels7f@ameblo.jp,,893-430-6386,27/03/2024
269,Margalit,Ivanchin,,mivanchin7g@ycombinator.com,Malawi,564-631-9315,24/09/2024
270,Sheppard,Merrisson,18,smerrisson7h@nymag.com,,435-119-2220,22/07/2024
271,Carmelita,Gravy,59,cgravy7i@simplemachines.org,China,836-580-3895,10/05/2024
272,Bond,Ruter,74,bruter7j@walmart.com,,321-794-6362,28/03/2024
273,Jandy,Veld,49,jveld7k@bloglovin.com,Croatia,884-613-2618,25/02/2024
274,Mercie,Lawey,34,mlawey7l@furl.net,Indonesia,819-284-8695,22/07/2024
275,Lynelle,Ingerman,27,lingerman7m@comsenz.com,Thailand,959-933-0519,24/04/2024
276,Ernesta,Davion,,edavion7n@delicious.com,,296-749-6904,15/07/2024
277,Lola,Skerman,,lskerman7o@amazon.co.uk,Sri Lanka,322-114-4932,04/09/2024
278,Reina,Stewart,39,rstewart7p@odnoklassniki.ru,Guatemala,996-570-1273,04/08/2024
279,Hagen,Hassur,74,hhassur7q@1688.com,Japan,586-385-6357,03/03/2024
280,Olivette,Hurleston,,ohurleston7r@webmd.com,Ghana,291-353-9010,03/04/2024
281,Onfre,Cheshire,25,ocheshire7s@google.es,Bolivia,366-278-6586,13/03/2024
282,Hube,Phonix,41,hphonix7t@sciencedaily.com,Bulgaria,718-494-1574,11/01/2024
283,Truda,Chrippes,43,tchrippes7u@tamu.edu,China,264-720-0419,11/06/2024
284,Kristina,Bithell,50,kbithell7v@about.com,Albania,949-307-9581,26/08/2024
285,Mayne,Volett,61,mvolett7w@umich.edu,Italy,916-108-0210,14/09/2024
286,Wyatan,Suddell,85,wsuddell7x@stumbleupon.com,Indonesia,898-873-8175,25/05/2024
287,Imogene,Hedden,57,ihedden7y@independent.co.uk,,585-433-7353,21/08/2024
288,Billy,Strattan,25,bstrattan7z@barnesandnoble.com,,717-480-3833,15/09/2024
289,Malcolm,Elsop,62,melsop80@photobucket.com,Czech Republic,896-571-1403,13/03/2024
290,Billy,Fulop,69,bfulop81@51.la,China,313-544-4998,28/06/2024
291,Hobard,Renton,45,hrenton82@nsw.gov.au,,750-403-0593,07/05/2024
292,Tessie,Emmins,39,temmins83@prnewswire.com,Japan,318-637-0474,09/05/2024
293,Serena,Craven,38,scraven84@alibaba.com,Indonesia,263-907-9239,28/02/2024
294,Lia,Dailly,58,ldailly85@ameblo.jp,Russia,366-596-9424,20/01/2024
295,Anthiathia,Smeeton,73,asmeeton86@1688.com,Russia,490-593-5311,20/01/2024
296,Wayne,Cholton,81,wcholton87@w3.org,Dominican Republic,552-318-5343,18/01/2024
297,Wheeler,Gaspero,83,wgaspero88@admin.ch,Guatemala,394-575-9981,26/04/2024
298,Norrie,Allston,67,nallston89@pagesperso-orange.fr,Cameroon,714-941-3566,10/06/2024
299,Niki,Fairhead,52,nfairhead8a@aboutads.info,China,966-398-9934,28/04/2024
300,Tom,Sidgwick,,tsidgwick8b@washingtonpost.com,Philippines,762-779-1985,20/08/2024
301,Barr,Netherwood,40,bnetherwood8c@discovery.com,Jordan,178-613-2998,25/03/2024
302,Ranique,Partkya,58,rpartkya8d@usgs.gov,Palestinian Territory,721-154-3880,01/01/2024
303,Lisa,Bagniuk,,lbagniuk8e@freewebs.com,Philippines,726-258-5353,10/07/2024
304,Vanya,Compson,,vcompson8f@sphinn.com,Brazil,479-373-6653,27/03/2024
305,Demetris,Ivanyutin,62,divanyutin8g@free.fr,China,676-802-8349,27/05/2024
306,Valle,Taudevin,,vtaudevin8h@state.tx.us,Macedonia,386-405-1807,03/08/2024
307,Ivy,Beddin,30,ibeddin8i@goo.gl,Czech Republic,781-366-2834,29/03/2024
308,Mahmoud,Scimoni,58,mscimoni8j@psu.edu,,722-408-2789,30/03/2024
309,Pascale,Briars,38,pbriars8k@sfgate.com,China,197-886-5635,26/04/2024
310,Kaylyn,Pleat,,kpleat8l@ebay.co.uk,,614-478-4559,13/08/2024
311,Dionis,Demelt,73,ddemelt8m@hc360.com,,925-559-4131,09/01/2024
312,Jammie,Follett,46,jfollett8n@cmu.edu,Malaysia,111-759-3608,24/03/2024
313,Windham,Moreland,42,wmoreland8o@canalblog.com,Brazil,584-450-0059,27/09/2024
314,Germain,Corselles,79,gcorselles8p@dyndns.org,,699-391-4071,18/08/2024
315,Stu,Comettoi,44,scomettoi8q@reuters.com,Philippines,814-388-3007,17/09/2024
316,Leonid,Penticoot,48,lpenticoot8r@moonfruit.com,,157-136-5634,30/04/2024
317,Regen,Elan,61,relan8s@theguardian.com,,463-458-8048,13/01/2024
318,Elva,Sidon,,esidon8t@istockphoto.com,Japan,348-747-6628,21/07/2024
319,Sondra,Glaum,60,sglaum8u@meetup.com,China,526-318-8168,30/05/2024
320,Clayson,Edmands,57,cedmands8v@nymag.com,Philippines,906-546-1407,12/07/2024
321,Wilden,Creeghan,53,wcreeghan8w@wiley.com,China,471-920-9854,20/01/2024
322,Forrester,Snartt,80,fsnartt8x@globo.com,United States,312-886-6689,17/09/2024
323,Phillie,Dagon,,pdagon8y@whitehouse.gov,China,979-295-3352,01/09/2024
324,Kelley,Blunsom,,kblunsom8z@economist.com,France,625-271-2429,01/09/2024
325,Teodoro,Odo,,todo90@yelp.com,,364-267-0093,02/02/2024
326,Selie,Oldcroft,85,soldcroft91@4shared.com,Sweden,295-584-4103,18/02/2024
327,Cull,Mullinder,27,cmullinder92@google.co.jp,Indonesia,740-827-1660,20/02/2024
328,Sonny,Bohike,83,sbohike93@tinypic.com,China,623-267-9254,26/06/2024
329,Madella,Twinberrow,75,mtwinberrow94@google.com,China,800-124-0431,11/03/2024
330,Rianon,Ikin,61,rikin95@examiner.com,,782-482-6063,10/06/2024
331,Giacopo,Treadgear,53,gtreadgear96@parallels.com,,243-566-2919,17/02/2024
332,Shani,Danielsky,61,sdanielsky97@shop-pro.jp,Nicaragua,452-667-6391,17/02/2024
333,Horatio,Rime,,hrime98@arizona.edu,Slovenia,170-450-0668,28/09/2024
334,Lawrence,Crabb,69,lcrabb99@webs.com,El Salvador,319-536-8949,31/03/2024
335,Junette,Standrin,24,jstandrin9a@artisteer.com,Mauritius,673-893-0536,20/08/2024
336,Millie,Sanson,,msanson9b@nifty.com,Brazil,488-766-3170,05/09/2024
337,Teresina,Lighterness,,tlighterness9c@paginegialle.it,China,887-866-7168,18/05/2024
338,Stu,Meech,39,smeech9d@omniture.com,Mongolia,310-269-0147,26/09/2024
339,Marisa,Youngs,75,myoungs9e@ebay.com,Philippines,591-106-1373,10/02/2024
340,Ali,Jaume,,ajaume9f@netscape.com,,774-625-5347,23/06/2024
341,Carmelia,Fenwick,21,cfenwick9g@comcast.net,Zimbabwe,556-784-2186,22/06/2024
342,Tannie,Routhorn,,trouthorn9h@marketwatch.com,United States,614-304-7538,20/09/2024
343,Dierdre,Peck,,dpeck9i@csmonitor.com,,242-691-4804,27/02/2024
344,Nisse,Ewence,,newence9j@chronoengine.com,Germany,961-667-4510,23/08/2024
345,Rosalyn,Wycliffe,48,rwycliffe9k@google.ru,Philippines,795-913-7072,22/08/2024
346,Pattie,Bowry,,pbowry9l@shop-pro.jp,Finland,254-824-5130,16/02/2024
347,Addison,Phare,,aphare9m@rambler.ru,China,669-711-5120,02/01/2024
348,Felicity,Stodd,,fstodd9n@tripod.com,Russia,247-124-4484,12/06/2024
349,Pavlov,Rugg,,prugg9o@theglobeandmail.com,Myanmar,119-749-3022,22/06/2024
350,Gaile,Alwen,32,galwen9p@fastcompany.com,,909-967-4508,13/07/2024
351,Catrina,Dudley,34,cdudley9q@archive.org,Brazil,403-616-1541,01/02/2024
352,Kania,Hazelgreave,25,khazelgreave9r@wix.com,Argentina,157-319-1858,15/03/2024
353,Wayland,Ranken,18,wranken9s@blogtalkradio.com,Ecuador,906-761-1572,05/01/2024
354,Yancy,Buntain,21,ybuntain9t@chicagotribune.com,,316-220-1572,06/06/2024
355,Arlee,Yoselevitch,,ayoselevitch9u@macromedia.com,Peru,585-117-1864,15/02/2024
356,Ezequiel,Seater,,eseater9v@ca.gov,Democratic Republic of the Congo,950-153-5949,13/08/2024
357,Cecile,Ramas,,cramas9w@nps.gov,France,724-731-1906,09/04/2024
358,Christalle,Sink,47,csink9x@booking.com,,966-820-2350,28/02/2024
359,Liana,Ravel,,lravel9y@moonfruit.com,Malaysia,372-143-2970,22/08/2024
360,Vita,Gwilym,,vgwilym9z@stanford.edu,Sierra Leone,489-707-0568,07/07/2024
361,Dacey,Semple,,dsemplea0@senate.gov,France,239-480-0589,19/04/2024
362,Liza,Rotge,26,lrotgea1@marketwatch.com,Nepal,784-587-8400,01/04/2024
363,Faydra,Philo,,fphiloa2@constantcontact.com,,337-549-5242,09/08/2024
364,Fredrick,Vaughten,81,fvaughtena3@prnewswire.com,,642-636-8960,28/04/2024
365,Colline,Bonar,75,cbonara4@boston.com,Russia,921-892-0178,21/02/2024
366,Monica,Bosenworth,,mbosenwortha5@i2i.jp,,654-822-9477,02/04/2024
367,Greg,Pladen,26,gpladena6@hostgator.com,Portugal,127-522-1940,24/08/2024
368,Isacco,McKeowon,29,imckeowona7@jiathis.com,,213-116-8918,30/01/2024
369,Saudra,McMorran,33,smcmorrana8@wufoo.com,Indonesia,559-271-0904,10/08/2024
370,Calla,Serrell,39,cserrella9@omniture.com,Portugal,285-722-9540,19/04/2024
371,Salomone,Peachey,,speacheyaa@independent.co.uk,China,283-890-1631,12/08/2024
372,Loraine,Polkinghorne,18,lpolkinghorneab@vkontakte.ru,Philippines,220-490-4739,09/07/2024
373,Bert,Beagan,41,bbeaganac@networkadvertising.org,,431-968-3532,27/07/2024
374,Willamina,Cappineer,,wcappineerad@xrea.com,Ethiopia,968-498-1797,26/04/2024
375,Herta,Bole,49,hboleae@newyorker.com,Greece,825-344-9608,24/03/2024
376,Kennan,Hoofe,35,khoofeaf@foxnews.com,France,938-688-3548,20/02/2024
377,Belicia,Khomin,26,bkhominag@theglobeandmail.com,Russia,188-860-3144,05/06/2024
378,Nonah,McKinie,78,nmckinieah@shutterfly.com,Brazil,879-271-9326,16/04/2024
379,Maximo,Simoneau,,msimoneauai@sphinn.com,Swaziland,792-678-2206,09/04/2024
380,Pia,Luce,19,pluceaj@miibeian.gov.cn,Indonesia,171-561-7818,05/04/2024
381,Bary,Hailes,75,bhailesak@cbc.ca,Philippines,921-290-0459,09/06/2024
382,Homerus,Bew,32,hbewal@weebly.com,Dominican Republic,731-460-0586,19/04/2024
383,Moyna,Birkmyr,31,mbirkmyram@histats.com,Portugal,769-322-9592,24/02/2024
384,Persis,Adess,77,padessan@yahoo.com,,202-659-5840,02/09/2024
385,Marya,Cowley,57,mcowleyao@nymag.com,Afghanistan,587-551-9071,30/03/2024
386,Stephi,Baynam,56,sbaynamap@virginia.edu,Poland,148-632-2670,10/05/2024
387,Merridie,Snawdon,39,msnawdonaq@globo.com,South Korea,299-425-3035,10/07/2024
388,Vic,Tackley,,vtackleyar@purevolume.com,Japan,420-642-5495,20/04/2024
389,Felicity,Mealham,80,fmealhamas@sitemeter.com,China,107-721-0961,19/03/2024
390,Imogene,Lafoy,,ilafoyat@multiply.com,United Kingdom,899-952-2120,24/06/2024
391,Percival,Aitkenhead,27,paitkenheadau@desdev.cn,,103-355-9241,17/08/2024
392,Leonid,Camois,27,lcamoisav@amazon.co.uk,Russia,633-877-8449,03/06/2024
393,Adan,Oherlihy,54,aoherlihyaw@salon.com,Russia,962-347-0049,08/08/2024
394,Maryjane,Springham,75,mspringhamax@skype.com,Russia,116-525-5033,23/04/2024
395,Leslie,Zanardii,54,lzanardiiay@sciencedaily.com,Indonesia,479-297-4185,10/05/2024
396,Sidonnie,Greatbatch,69,sgreatbatchaz@mozilla.org,Russia,642-963-9272,15/06/2024
397,Raina,MacKettrick,33,rmackettrickb0@multiply.com,Portugal,650-264-4548,26/03/2024
398,Fanechka,Sherrocks,,fsherrocksb1@com.com,Philippines,425-331-6016,16/06/2024
399,Jorey,McArt,,jmcartb2@mashable.com,Ukraine,248-564-7818,13/03/2024
400,Kori,Sutherington,44,ksutheringtonb3@marketwatch.com,Sweden,460-857-1499,02/09/2024
401,Leighton,Hugnin,45,lhugninb4@state.tx.us,Colombia,938-930-4776,01/05/2024
402,Bernelle,Groomebridge,71,bgroomebridgeb5@list-manage.com,,703-486-2711,15/08/2024
403,Annabela,Allsop,26,aallsopb6@imgur.com,,194-211-6084,24/05/2024
404,Glen,McIlwraith,21,gmcilwraithb7@theatlantic.com,South Africa,438-308-0710,28/05/2024
405,Euell,Read,28,ereadb8@un.org,Argentina,307-100-4072,15/03/2024
406,Kasey,Larose,,klaroseb9@zdnet.com,Mongolia,799-415-4979,28/09/2024
407,Jerry,Talbot,63,jtalbotba@bing.com,,540-651-3929,09/03/2024
408,Margaux,MacAloren,,mmacalorenbb@unicef.org,Croatia,537-356-6416,16/03/2024
409,Gayla,Borborough,65,gborboroughbc@house.gov,,967-115-6101,14/08/2024
410,Garnette,St Louis,22,gstlouisbd@hud.gov,Nigeria,674-133-1346,07/01/2024
411,Roanne,Penhalewick,82,rpenhalewickbe@webs.com,Japan,183-474-4264,23/04/2024
412,Langsdon,Monro,,lmonrobf@mayoclinic.com,Russia,287-808-5397,27/06/2024
413,Whitaker,Yanyushkin,48,wyanyushkinbg@usda.gov,Jamaica,816-457-2271,02/03/2024
414,Conn,Northley,27,cnorthleybh@techcrunch.com,South Africa,678-743-8190,14/02/2024
415,Crissie,Wyllt,21,cwylltbi@istockphoto.com,Japan,297-593-1267,08/03/2024
416,Henrieta,Grummitt,69,hgrummittbj@nifty.com,,474-799-3335,20/01/2024
417,Glenden,Hoggins,,ghogginsbk@1688.com,,123-174-8410,15/01/2024
418,Barbe,Gregorace,,bgregoracebl@ox.ac.uk,Honduras,764-700-9135,09/06/2024
419,Blithe,Noot,,bnootbm@acquirethisname.com,Bulgaria,275-807-2066,29/02/2024
420,Lilyan,Manhare,34,lmanharebn@dion.ne.jp,Argentina,104-701-8577,22/09/2024
421,Zorana,Attride,,zattridebo@freewebs.com,China,628-602-0693,14/03/2024
422,Nickolas,Fancett,30,nfancettbp@spotify.com,France,469-257-0530,22/08/2024
423,Julissa,Chapelle,59,jchapellebq@deviantart.com,,641-905-4209,10/05/2024
424,Brig,Tucknutt,68,btucknuttbr@about.com,,665-794-1661,30/06/2024
425,Nikolas,Effemy,52,neffemybs@ocn.ne.jp,,989-914-0751,06/07/2024
426,Olimpia,Orpen,,oorpenbt@pagesperso-orange.fr,Poland,508-920-9159,18/06/2024
427,Kevin,Utley,,kutleybu@myspace.com,Poland,136-884-7783,04/02/2024
428,Orlan,Mulqueeny,41,omulqueenybv@wiley.com,Portugal,414-831-8396,04/06/2024
429,Shaun,Jamblin,,sjamblinbw@w3.org,Ukraine,731-261-2461,03/09/2024
430,Whitaker,Elgood,,welgoodbx@xrea.com,Russia,460-922-0528,29/08/2024
431,Lorant,Rodmell,60,lrodmellby@upenn.edu,South Korea,749-236-6743,25/05/2024
432,Brianna,Kermannes,,bkermannesbz@google.de,China,228-852-8083,02/03/2024
433,Chery,Fetherston,30,cfetherstonc0@msn.com,Czech Republic,236-298-8603,01/09/2024
434,Jean,O'Dreain,,jodreainc1@bloglines.com,Uzbekistan,698-752-0254,19/09/2024
435,Cleveland,Fonquernie,19,cfonquerniec2@answers.com,,177-185-5010,04/02/2024
436,Guthrey,Drinkhall,42,gdrinkhallc3@naver.com,China,136-876-5926,12/08/2024
437,Tris,Showell,,tshowellc4@simplemachines.org,Philippines,309-511-5942,09/06/2024
438,Christina,Jaquin,64,cjaquinc5@comsenz.com,Greece,751-705-2074,18/02/2024
439,Jody,Rishman,,jrishmanc6@biblegateway.com,Ireland,499-860-9720,11/09/2024
440,Violette,Mullard,,vmullardc7@artisteer.com,China,724-513-2798,17/05/2024
441,Idalia,Hillitt,61,ihillittc8@bizjournals.com,Afghanistan,405-155-2264,27/04/2024
442,Percival,Pencot,49,ppencotc9@nature.com,Palestinian Territory,734-727-4879,27/03/2024
443,Mathew,Jorgensen,,mjorgensenca@trellian.com,Poland,328-823-8736,03/02/2024
444,Abagail,McGahey,49,amcgaheycb@arstechnica.com,Indonesia,295-613-9059,19/08/2024
445,Onfre,Edson,20,oedsoncc@i2i.jp,China,392-126-8428,17/08/2024
446,Jimmy,Dykes,,jdykescd@cargocollective.com,Armenia,280-461-5564,31/08/2024
447,Pauly,Eymor,18,peymorce@icio.us,South Africa,543-460-2725,04/04/2024
448,Anna,De Ruggero,19,aderuggerocf@nbcnews.com,France,208-854-5939,22/02/2024
449,Kellia,Bowcock,70,kbowcockcg@amazon.co.uk,,851-426-4710,29/08/2024
450,Cale,Eccersley,,ceccersleych@yale.edu,,279-480-2258,26/04/2024
451,Lea,Dulwich,23,ldulwichci@msu.edu,Honduras,165-125-6984,16/04/2024
452,Cris,Liversley,63,cliversleycj@google.de,Peru,504-821-4609,26/07/2024
453,Barbe,Tulk,19,btulkck@samsung.com,Indonesia,994-640-6625,08/07/2024
454,Zena,Bethune,39,zbethunecl@oaic.gov.au,Argentina,421-506-7293,20/03/2024
455,Irv,Brockbank,62,ibrockbankcm@rediff.com,New Zealand,759-110-1741,22/04/2024
456,Melly,Trapp,,mtrappcn@google.co.uk,Honduras,438-169-8419,22/06/2024
457,Jewelle,Vedekhin,,jvedekhinco@skyrock.com,France,362-590-8713,19/05/2024
458,Madelina,Gustus,29,mgustuscp@freewebs.com,France,349-760-5555,11/07/2024
459,Parnell,Tebbitt,,ptebbittcq@senate.gov,China,714-642-5135,11/08/2024
460,Klemens,Sugar,73,ksugarcr@plala.or.jp,Cuba,858-435-9453,25/03/2024
461,Miguel,Ingledew,31,mingledewcs@wiley.com,,274-194-9526,12/05/2024
462,Kenyon,Shakesby,29,kshakesbyct@eventbrite.com,Tunisia,546-981-3680,18/05/2024
463,Garreth,Jorez,84,gjorezcu@wired.com,Egypt,165-946-2881,07/02/2024
464,Davidson,Feehery,85,dfeeherycv@sciencedaily.com,,516-349-4857,28/05/2024
465,Delmore,Cholerton,,dcholertoncw@hatena.ne.jp,,852-669-7903,15/07/2024
466,Alvan,Braam,,abraamcx@umn.edu,Serbia,693-896-1904,08/07/2024
467,Meyer,Stoke,53,mstokecy@thetimes.co.uk,,435-982-9780,10/03/2024
468,Arel,Hawkings,,ahawkingscz@patch.com,China,718-430-5980,26/07/2024
469,Cleveland,Ambroziak,82,cambroziakd0@mail.ru,Philippines,732-287-8874,19/07/2024
470,Batholomew,Wandrack,,bwandrackd1@toplist.cz,Philippines,663-309-6347,28/04/2024
471,Vale,Kitchiner,70,vkitchinerd2@tripod.com,North Korea,382-110-3064,31/01/2024
472,Neron,Craiker,73,ncraikerd3@eepurl.com,Brazil,242-882-3200,22/02/2024
473,Wendi,Harnes,21,wharnesd4@symantec.com,Philippines,799-799-1155,23/04/2024
474,Leland,Eby,,lebyd5@cbsnews.com,,137-857-1921,27/01/2024
475,Kari,Lewinton,,klewintond6@typepad.com,,460-325-5711,17/08/2024
476,Ardene,Garbert,40,agarbertd7@google.de,France,305-915-0589,10/09/2024
477,Natty,Gallemore,58,ngallemored8@paypal.com,Netherlands,257-950-3747,01/01/2024
478,Dominique,Adicot,51,dadicotd9@wordpress.com,Greece,430-347-1596,27/06/2024
479,Brittany,Margeram,40,bmargeramda@delicious.com,China,743-267-6293,14/09/2024
480,Kerby,Sainthill,79,ksainthilldb@sfgate.com,France,966-539-0591,21/09/2024
481,Elsey,Applewhite,31,eapplewhitedc@drupal.org,Nigeria,710-512-2750,11/09/2024
482,Greta,Brussels,24,gbrusselsdd@dot.gov,,569-903-2367,08/04/2024
483,Sher,Woolfitt,24,swoolfittde@myspace.com,Venezuela,569-316-6160,11/08/2024
484,Lurleen,De Filippi,,ldefilippidf@zdnet.com,Brazil,872-142-4462,08/07/2024
485,Joelly,Bresner,41,jbresnerdg@eepurl.com,,113-512-3440,15/07/2024
486,Jemmy,de Keyser,65,jdekeyserdh@statcounter.com,,168-501-3161,25/07/2024
487,Kit,Annwyl,67,kannwyldi@zdnet.com,China,339-695-4599,04/06/2024
488,Berta,Overstreet,64,boverstreetdj@indiegogo.com,China,964-127-7386,07/01/2024
489,Tiena,Vasyunkin,40,tvasyunkindk@reference.com,China,127-908-3181,26/04/2024
490,Monro,Najafian,19,mnajafiandl@fema.gov,Thailand,281-229-6803,07/06/2024
491,Tripp,Durnford,42,tdurnforddm@baidu.com,China,497-524-9777,09/01/2024
492,Kala,Blazy,55,kblazydn@w3.org,France,626-514-6085,10/08/2024
493,Kathy,Heater,23,kheaterdo@example.com,,693-731-2002,05/08/2024
494,Amby,Gabites,51,agabitesdp@ask.com,Philippines,716-671-5646,18/04/2024
495,Geraldine,McMurty,,gmcmurtydq@webeden.co.uk,France,363-335-3351,09/04/2024
496,Jessie,Poon,38,jpoondr@tuttocitta.it,Poland,327-973-6029,30/01/2024
497,Vinnie,Klimentyev,48,vklimentyevds@desdev.cn,,120-251-6801,22/02/2024
498,Karissa,Eglese,21,keglesedt@upenn.edu,Slovenia,228-649-9235,02/04/2024
499,Randy,Merricks,35,rmerricksdu@foxnews.com,France,901-916-8220,17/09/2024
500,Kaila,Keighly,38,kkeighlydv@instagram.com,Indonesia,367-430-0351,21/03/2024
501,Staford,Hambatch,,shambatchdw@theatlantic.com,,284-862-2423,10/06/2024
502,Cirillo,Petrello,31,cpetrellodx@networksolutions.com,China,388-765-2924,21/03/2024
503,Pam,Truckell,37,ptruckelldy@forbes.com,Russia,120-267-5295,13/03/2024
504,Desmund,Ert,61,dertdz@tumblr.com,Indonesia,764-652-1649,25/01/2024
505,Bianka,Sherbrooke,,bsherbrookee0@ft.com,China,300-605-4547,17/02/2024
506,Pauly,Smithson,,psmithsone1@a8.net,,943-881-1603,31/05/2024
507,Bessy,Cutmare,56,bcutmaree2@pbs.org,Indonesia,182-346-2977,06/05/2024
508,Husein,Barlthrop,,hbarlthrope3@icq.com,New Zealand,156-453-5060,25/07/2024
509,Kacy,Cox,,kcoxe4@eventbrite.com,China,871-180-9284,02/08/2024
510,Obidiah,Andrich,84,oandriche5@admin.ch,,737-338-1147,18/06/2024
511,Bearnard,Sivess,71,bsivesse6@blogspot.com,China,287-482-3457,31/01/2024
512,Brunhilde,Gossage,82,bgossagee7@buzzfeed.com,Finland,845-407-4588,05/02/2024
513,Emelda,Lonergan,61,elonergane8@berkeley.edu,Poland,866-918-7603,25/01/2024
514,Aubrie,Bartelli,64,abartellie9@ft.com,,615-633-1509,30/08/2024
515,Marie,Stut,48,mstutea@photobucket.com,,486-348-4692,29/01/2024
516,Free,Beckmann,,fbeckmanneb@umich.edu,Brazil,511-424-8760,23/07/2024
517,Johny,Gaitone,65,jgaitoneec@wikia.com,Russia,335-596-1745,25/07/2024
518,Nikos,Kasparski,,nkasparskied@alibaba.com,China,726-673-1908,15/01/2024
519,Elwyn,Miko,66,emikoee@ow.ly,,430-852-3545,26/04/2024
520,Jamaal,Calendar,45,jcalendaref@ibm.com,,132-284-4896,16/04/2024
521,Keith,Walmsley,52,kwalmsleyeg@msu.edu,Indonesia,868-860-5749,27/02/2024
522,Alli,Dechelette,24,adecheletteeh@theatlantic.com,,504-520-2883,09/08/2024
523,Gelya,Latus,45,glatusei@columbia.edu,,685-641-1869,25/03/2024
524,Harcourt,Shipston,22,hshipstonej@usgs.gov,China,841-987-2831,05/01/2024
525,Melesa,Pollicote,51,mpollicoteek@mit.edu,China,869-888-6606,31/01/2024
526,Melamie,Pittham,21,mpitthamel@barnesandnoble.com,Syria,804-150-7581,16/09/2024
527,Annelise,Vanner,67,avannerem@fema.gov,,927-535-7868,17/08/2024
528,Roderick,O' Markey,,romarkeyen@twitpic.com,,289-926-7871,21/03/2024
529,Genovera,Redwall,58,gredwalleo@360.cn,United States,520-709-6650,30/01/2024
530,Luciana,Gerasch,72,lgeraschep@ted.com,China,127-485-1189,24/09/2024
531,Dorey,Moberley,21,dmoberleyeq@sciencedirect.com,,455-280-7528,12/08/2024
532,Alfredo,Missington,20,amissingtoner@npr.org,China,326-628-6783,24/08/2024
533,Codie,Redhouse,36,credhousees@google.cn,Peru,935-301-8797,07/03/2024
534,Salli,MacAulay,28,smacaulayet@sogou.com,Russia,151-234-6560,27/09/2024
535,Kate,Readwing,49,kreadwingeu@sphinn.com,Philippines,794-884-7652,26/01/2024
536,Ashia,Siseland,52,asiselandev@wsj.com,China,684-752-7421,19/05/2024
537,Sinclair,Bedinham,49,sbedinhamew@examiner.com,Guadeloupe,518-211-6341,21/08/2024
538,Gretna,McKie,,gmckieex@gov.uk,Indonesia,321-365-0235,15/03/2024
539,Zorana,Speedin,,zspeediney@dmoz.org,Brazil,653-655-7260,28/01/2024
540,Burnaby,Lodewick,32,blodewickez@smh.com.au,Poland,888-228-3365,13/04/2024
541,Jinny,Robbie,67,jrobbief0@sphinn.com,Burkina Faso,283-922-8453,03/01/2024
542,Kassie,Kunz,22,kkunzf1@tumblr.com,Guyana,973-748-1849,09/09/2024
543,Vittoria,Titchmarsh,,vtitchmarshf2@networksolutions.com,Indonesia,609-442-3579,26/06/2024
544,Lynda,Dedon,58,ldedonf3@icio.us,China,537-132-4523,03/07/2024
545,Isaac,Basilone,21,ibasilonef4@plala.or.jp,Venezuela,312-799-6003,30/03/2024
546,Forrest,Golthorpp,39,fgolthorppf5@posterous.com,China,788-122-2148,29/03/2024
547,Zorah,Torfin,44,ztorfinf6@tmall.com,United States,513-982-4244,03/05/2024
548,Major,Chaters,26,mchatersf7@omniture.com,Brazil,559-547-9745,16/07/2024
549,Lucina,Lillistone,62,llillistonef8@walmart.com,Brazil,309-381-9747,16/05/2024
550,Jacquelin,Autin,76,jautinf9@weibo.com,France,404-384-1715,26/03/2024
551,Ursuline,Meagher,20,umeagherfa@geocities.com,,994-597-2722,09/01/2024
552,Amery,Barthelet,29,abartheletfb@indiatimes.com,Kazakhstan,635-557-5248,05/07/2024
553,Saul,Tantum,38,stantumfc@github.com,,728-524-0493,24/05/2024
554,Matty,Eskrick,,meskrickfd@hp.com,Indonesia,934-869-7355,27/09/2024
555,Florry,Bowne,69,fbownefe@upenn.edu,Philippines,438-235-3591,16/01/2024
556,Robinet,Tilby,,rtilbyff@ibm.com,Myanmar,596-562-7335,18/08/2024
557,Ring,Stare,,rstarefg@yolasite.com,Russia,521-708-5709,09/05/2024
558,Berri,Brockley,65,bbrockleyfh@tamu.edu,Philippines,205-202-4411,26/04/2024
559,Lanie,Ditts,83,ldittsfi@stumbleupon.com,Philippines,594-495-9636,23/01/2024
560,Ellery,Sanger,,esangerfj@usatoday.com,China,834-145-0048,24/06/2024
561,Hurlee,Pitbladdo,30,hpitbladdofk@reference.com,,987-568-6512,10/02/2024
562,Bengt,Jeenes,28,bjeenesfl@google.ca,China,696-402-7985,27/01/2024
563,Malorie,Sherrum,,msherrumfm@narod.ru,Lithuania,109-765-1318,22/06/2024
564,Garik,Ibbeson,30,gibbesonfn@go.com,Djibouti,253-834-5375,30/01/2024
565,Rene,Lowman,,rlowmanfo@springer.com,Honduras,463-319-6793,24/09/2024
566,Genvieve,Wadman,68,gwadmanfp@flickr.com,Poland,419-938-7350,19/08/2024
567,Costa,Noyce,39,cnoycefq@ucoz.com,Russia,892-361-0596,12/06/2024
568,Kippar,Lorking,77,klorkingfr@webnode.com,China,763-356-3429,13/06/2024
569,Gunar,Pre,,gprefs@uiuc.edu,China,947-930-6387,07/08/2024
570,Balduin,Mongin,24,bmonginft@digg.com,Finland,513-473-3772,27/04/2024
571,Britni,O'Nowlan,56,bonowlanfu@google.cn,Thailand,639-429-5146,13/07/2024
572,Jaine,Treversh,,jtrevershfv@dyndns.org,Philippines,328-643-3077,01/07/2024
573,Bambie,Youhill,79,byouhillfw@nymag.com,China,887-157-4036,04/01/2024
574,Kurt,Angrave,,kangravefx@163.com,Indonesia,435-211-8528,20/08/2024
575,Odie,Lilford,,olilfordfy@last.fm,Morocco,503-891-9754,18/09/2024
576,Nissie,Greenrodd,50,ngreenroddfz@soundcloud.com,Poland,530-665-8556,25/01/2024
577,Phoebe,Grayland,48,pgraylandg0@ibm.com,Philippines,199-484-3012,06/02/2024
578,Ase,Serraillier,,aserraillierg1@uol.com.br,China,512-749-2873,25/04/2024
579,Myrtie,Breed,,mbreedg2@yellowpages.com,Vanuatu,374-732-0536,16/04/2024
580,Rodolphe,Delacour,,rdelacourg3@ox.ac.uk,Philippines,695-613-9195,08/08/2024
581,Timmie,Sundin,,tsunding4@printfriendly.com,Uganda,555-240-1509,06/02/2024
582,Claiborne,Macquire,55,cmacquireg5@surveymonkey.com,Lebanon,628-838-7151,29/06/2024
583,Grazia,Torvey,48,gtorveyg6@gizmodo.com,Norway,196-897-6094,20/08/2024
584,Eddy,Tiuit,80,etiuitg7@opensource.org,China,653-400-5597,01/08/2024
585,Merissa,Hancock,28,mhancockg8@last.fm,France,866-323-1748,17/07/2024
586,Clari,Condict,70,ccondictg9@addthis.com,,537-346-1095,03/09/2024
587,Eliza,Memory,81,ememoryga@ftc.gov,Russia,127-492-6911,25/02/2024
588,Denna,Fairpo,,dfairpogb@instagram.com,China,936-968-3440,23/01/2024
589,Mathe,Tomkinson,63,mtomkinsongc@state.tx.us,Indonesia,966-517-0149,22/01/2024
590,Saba,Gelland,44,sgellandgd@ezinearticles.com,United States,317-575-4916,01/02/2024
591,Dru,Pasfield,40,dpasfieldge@bbc.co.uk,China,710-437-0907,04/08/2024
592,Nicol,Swiers,40,nswiersgf@blogger.com,,764-113-2971,12/02/2024
593,Nathalie,McMorran,63,nmcmorrangg@hubpages.com,China,775-196-4461,04/02/2024
594,Seumas,Braid,,sbraidgh@networkadvertising.org,,307-966-9993,04/01/2024
595,Missy,Yo,18,myogi@npr.org,China,955-185-5406,03/07/2024
596,Elvera,Tippings,39,etippingsgj@smh.com.au,,366-327-1093,06/08/2024
597,Peyton,Fairfull,77,pfairfullgk@baidu.com,Tanzania,831-992-6696,24/05/2024
598,Gaelan,De Bischof,25,gdebischofgl@infoseek.co.jp,Poland,336-768-1482,23/05/2024
599,Leif,Spearing,,lspearinggm@gravatar.com,Philippines,422-459-3405,04/06/2024
600,Billye,Maxworthy,40,bmaxworthygn@china.com.cn,China,988-867-3454,26/04/2024
601,Sol,Longridge,21,slongridgego@cloudflare.com,,730-720-0751,22/07/2024
602,Obidiah,Bent,22,obentgp@cbslocal.com,Papua New Guinea,387-832-3219,27/09/2024
603,Costa,Henrot,,chenrotgq@princeton.edu,Portugal,840-396-8511,04/04/2024
604,Biddy,Dietz,,bdietzgr@goo.gl,Philippines,495-239-9925,13/05/2024
605,Latrina,Tanfield,41,ltanfieldgs@parallels.com,Brazil,648-967-8572,26/03/2024
606,Nealson,Pretty,,nprettygt@smugmug.com,,190-297-6922,11/08/2024
607,Mark,Jobes,,mjobesgu@wufoo.com,Czech Republic,337-745-5360,12/06/2024
608,Abram,Guiu,46,aguiugv@toplist.cz,Portugal,783-740-2256,18/03/2024
609,Lucius,Feaviour,75,lfeaviourgw@jiathis.com,,252-548-2511,18/09/2024
610,Berget,Titterrell,55,btitterrellgx@wired.com,China,365-871-0064,28/03/2024
611,Zachery,Dyhouse,51,zdyhousegy@oracle.com,Georgia,131-291-3452,18/07/2024
612,Matty,Aylmer,,maylmergz@stanford.edu,Cameroon,236-484-4752,15/06/2024
613,Emlen,Raund,69,eraundh0@whitehouse.gov,,679-666-4409,20/01/2024
614,Lou,Kristufek,32,lkristufekh1@google.com.au,Indonesia,471-537-0631,31/05/2024
615,Josefina,Kluger,52,jklugerh2@chron.com,Tunisia,436-546-3729,29/01/2024
616,Devlen,Wichard,81,dwichardh3@globo.com,China,855-988-0077,26/08/2024
617,Gloriane,Oldrey,25,goldreyh4@prnewswire.com,Kazakhstan,486-930-5043,15/04/2024
618,Julius,Winchurch,,jwinchurchh5@diigo.com,Indonesia,279-743-0147,10/09/2024
619,Perl,Domb,,pdombh6@cnet.com,,359-240-5515,18/06/2024
620,Prinz,Stiffkins,71,pstiffkinsh7@home.pl,Cyprus,609-594-2942,14/03/2024
621,Devon,Kleyn,72,dkleynh8@independent.co.uk,Philippines,797-481-2618,24/03/2024
622,Baird,Forrester,,bforresterh9@amazon.com,Russia,260-287-2099,30/05/2024
623,Juan,Wallenger,,jwallengerha@amazon.co.jp,France,133-272-3997,11/09/2024
624,Lynsey,O'Sheils,37,losheilshb@si.edu,China,799-587-3481,09/04/2024
625,Elmore,Lifton,,eliftonhc@cornell.edu,Poland,248-622-0737,16/07/2024
626,Cyndy,Downse,82,cdownsehd@sitemeter.com,China,465-205-8800,26/02/2024
627,Kiri,Russi,21,krussihe@unc.edu,Indonesia,307-534-2959,13/04/2024
628,Coop,Deverson,53,cdeversonhf@home.pl,Indonesia,268-568-0558,05/09/2024
629,Allina,Edmeads,66,aedmeadshg@cisco.com,Iceland,100-228-6244,14/03/2024
630,Nestor,Tuite,,ntuitehh@msn.com,Portugal,716-759-2112,16/08/2024
631,Delano,McLeary,72,dmclearyhi@php.net,Indonesia,375-385-9158,26/06/2024
632,Sukey,Starte,84,sstartehj@upenn.edu,China,320-684-1293,24/08/2024
633,Daphne,Classen,,dclassenhk@google.co.uk,Russia,604-832-6769,10/09/2024
634,Codi,O'Scollee,71,coscolleehl@cdbaby.com,China,694-665-3653,15/06/2024
635,Eduardo,Mayger,,emaygerhm@washington.edu,Botswana,619-275-4089,04/07/2024
636,Hadrian,Yarranton,52,hyarrantonhn@sciencedaily.com,,765-955-4852,01/07/2024
637,Tate,Espinos,77,tespinosho@paypal.com,China,160-235-4181,14/08/2024
638,Turner,Bondar,50,tbondarhp@ask.com,Peru,356-282-8473,30/05/2024
639,Karie,Caselli,70,kcasellihq@constantcontact.com,France,828-122-2359,29/08/2024
640,Lauri,Bosquet,,lbosquethr@businesswire.com,,145-858-4073,21/07/2024
641,Edgar,Grisewood,22,egrisewoodhs@friendfeed.com,Sweden,299-552-5214,12/02/2024
642,Alena,Gobbet,67,agobbetht@loc.gov,China,778-601-1827,10/04/2024
643,Auberon,Scibsey,,ascibseyhu@europa.eu,Philippines,420-930-8505,26/04/2024
644,Euell,Ghidini,62,eghidinihv@economist.com,Philippines,537-270-9495,31/01/2024
645,Laurent,Holsall,72,lholsallhw@photobucket.com,Mexico,658-584-5528,17/04/2024
646,Jessalyn,Gimbrett,49,jgimbretthx@sogou.com,Slovenia,391-137-3611,26/07/2024
647,Rhetta,Bezley,28,rbezleyhy@qq.com,Indonesia,346-223-7926,01/05/2024
648,Gerri,Gimlet,,ggimlethz@facebook.com,China,105-390-2797,06/02/2024
649,Angy,De Miranda,66,ademirandai0@rakuten.co.jp,Argentina,372-413-3679,16/08/2024
650,Mae,Abbyss,74,mabbyssi1@weather.com,Russia,715-766-7795,30/01/2024
651,Westley,Aspland,,wasplandi2@acquirethisname.com,Mexico,576-106-9707,14/04/2024
652,Diane-marie,Juleff,54,djuleffi3@amazon.co.jp,Luxembourg,381-599-7214,01/04/2024
653,Farand,Wonham,64,fwonhami4@g.co,,497-950-9883,14/02/2024
654,Montague,Canto,,mcantoi5@wiley.com,Sweden,596-144-9490,23/01/2024
655,Templeton,Kerans,58,tkeransi6@pbs.org,,127-782-9726,01/09/2024
656,Wren,Creffeild,82,wcreffeildi7@ted.com,Indonesia,954-287-3608,08/07/2024
657,Lian,MacLeese,26,lmacleesei8@java.com,,652-714-8800,18/06/2024
658,Peyton,Hetterich,44,phetterichi9@fda.gov,Greece,447-664-5353,06/09/2024
659,Nedda,Burbury,85,nburburyia@mediafire.com,France,446-600-1847,14/03/2024
660,Garek,McPhillimey,,gmcphillimeyib@samsung.com,,988-106-2349,30/06/2024
661,Carina,Martland,,cmartlandic@theglobeandmail.com,Samoa,945-429-8046,30/07/2024
662,Chaunce,Ridgers,55,cridgersid@hp.com,China,693-844-3213,16/05/2024
663,Roby,Lainge,78,rlaingeie@sourceforge.net,Thailand,658-798-2879,05/01/2024
664,Yardley,Mattersey,33,ymatterseyif@skyrock.com,Cameroon,763-739-9835,28/09/2024
665,Shawnee,Hedgeman,67,shedgemanig@nsw.gov.au,China,139-623-8369,12/02/2024
666,Miquela,Beddoes,82,mbeddoesih@apache.org,Ukraine,498-508-5591,05/05/2024
667,Porter,Babbe,,pbabbeii@gravatar.com,,684-373-7964,29/08/2024
668,Mirelle,Catford,81,mcatfordij@kickstarter.com,,573-399-4128,06/06/2024
669,Pryce,Glencros,28,pglencrosik@storify.com,China,997-501-0309,16/04/2024
670,Richmound,Limpenny,73,rlimpennyil@vistaprint.com,Indonesia,619-392-5110,05/02/2024
671,Fawnia,Grisley,19,fgrisleyim@independent.co.uk,Sweden,246-976-4310,26/01/2024
672,Agneta,Humerstone,67,ahumerstonein@free.fr,Indonesia,109-871-4737,18/01/2024
673,Theo,Kalinke,,tkalinkeio@furl.net,Portugal,155-592-9926,19/05/2024
674,Ingar,Steddall,57,isteddallip@economist.com,,340-494-4184,14/01/2024
675,Elfrida,Duesbury,18,eduesburyiq@symantec.com,,797-910-6915,02/05/2024
676,Margarette,Erdes,20,merdesir@cpanel.net,Kenya,524-614-2359,23/04/2024
677,Alain,Burdess,27,aburdessis@cornell.edu,Peru,928-733-4832,28/07/2024
678,Sarine,Dodson,49,sdodsonit@alexa.com,,123-942-5862,24/09/2024
679,Lacey,Sings,,lsingsiu@examiner.com,Russia,218-774-8264,15/08/2024
680,Debee,Parren,,dparreniv@netvibes.com,,485-336-7517,25/08/2024
681,Odilia,Eilert,63,oeilertiw@thetimes.co.uk,Brazil,364-976-1437,30/01/2024
682,Sullivan,Haste,,shasteix@g.co,Indonesia,551-988-8453,07/04/2024
683,Lorraine,McDougall,66,lmcdougalliy@cisco.com,Burkina Faso,929-158-2840,25/03/2024
684,Cully,Benton,30,cbentoniz@bloglovin.com,China,204-216-6856,15/05/2024
685,Babita,Diamond,,bdiamondj0@alibaba.com,Russia,379-401-1244,27/07/2024
686,Callida,Beveredge,68,cbeveredgej1@tinyurl.com,Greece,762-742-1232,02/05/2024
687,Clark,Jacqueminet,53,cjacqueminetj2@answers.com,Czech Republic,448-362-3700,29/03/2024
688,Star,McAlindon,,smcalindonj3@mit.edu,Ukraine,546-983-0204,06/04/2024
689,Collette,Prinne,67,cprinnej4@wsj.com,China,880-154-2592,07/02/2024
690,Daisy,Jubert,,djubertj5@phoca.cz,Poland,880-672-5134,12/07/2024
691,Erina,Le Friec,61,elefriecj6@soundcloud.com,Russia,821-465-2878,27/07/2024
692,Teriann,Wherrit,,twherritj7@blogspot.com,Japan,888-710-9667,27/03/2024
693,Celestina,Titcomb,85,ctitcombj8@taobao.com,,690-924-1505,01/03/2024
694,Sib,Molfino,82,smolfinoj9@senate.gov,Ukraine,667-912-0767,15/02/2024
695,Aile,Bulled,,abulledja@github.com,Croatia,822-209-8084,14/06/2024
696,Casper,Gooderson,49,cgoodersonjb@csmonitor.com,Guatemala,972-133-4498,12/09/2024
697,Judie,Pioch,25,jpiochjc@sogou.com,Trinidad and Tobago,248-358-9703,27/02/2024
698,Hardy,Kohrding,39,hkohrdingjd@businessinsider.com,China,951-536-4173,29/01/2024
699,Floria,Twoohy,,ftwoohyje@ow.ly,Philippines,260-437-6041,12/03/2024
700,Hewet,Leverage,62,hleveragejf@jugem.jp,Iran,889-318-7027,07/09/2024
701,Tammi,Moiser,76,tmoiserjg@sun.com,Mexico,216-116-9628,15/06/2024
702,Kat,Ghelerdini,50,kghelerdinijh@fema.gov,Indonesia,402-698-7059,29/08/2024
703,Wheeler,Escofier,54,wescofierji@cpanel.net,Peru,179-812-1055,21/09/2024
704,Immanuel,Bakeup,30,ibakeupjj@telegraph.co.uk,Czech Republic,794-508-2156,03/03/2024
705,Blondy,Getch,24,bgetchjk@joomla.org,,734-730-6466,01/04/2024
706,Charmine,Bindin,69,cbindinjl@narod.ru,Switzerland,291-197-2707,07/02/2024
707,Filberte,Rowen,19,frowenjm@flavors.me,Indonesia,293-890-9524,18/01/2024
708,Nicolina,Cronchey,46,ncroncheyjn@51.la,Philippines,510-494-5663,03/08/2024
709,Gipsy,Yurkiewicz,84,gyurkiewiczjo@icio.us,China,217-938-9764,23/01/2024
710,Edna,Faulkener,60,efaulkenerjp@soundcloud.com,China,667-232-7376,29/01/2024
711,Ursa,Moxham,,umoxhamjq@php.net,,213-744-6044,26/07/2024
712,Flore,Veevers,,fveeversjr@digg.com,South Korea,386-138-1100,12/06/2024
713,Karel,Swett,,kswettjs@shutterfly.com,Portugal,649-230-8507,28/02/2024
714,Kristyn,Ruthven,25,kruthvenjt@ucoz.com,Poland,300-585-4214,01/05/2024
715,Nert,Bathurst,79,nbathurstju@toplist.cz,Thailand,722-245-1173,25/08/2024
716,Chico,Ainsby,24,cainsbyjv@google.com.br,Brazil,248-747-0559,28/05/2024
717,Gabi,Beedie,39,gbeediejw@tmall.com,Brazil,449-684-0915,04/09/2024
718,Murial,Devany,35,mdevanyjx@ehow.com,North Korea,118-168-0363,23/07/2024
719,Devonna,Campaigne,56,dcampaignejy@t-online.de,Indonesia,340-667-8561,29/04/2024
720,Biron,Sodeau,28,bsodeaujz@yellowbook.com,Moldova,621-287-4057,22/02/2024
721,Jim,Gabites,76,jgabitesk0@joomla.org,Ireland,492-233-0962,16/01/2024
722,Karyn,Jirus,54,kjirusk1@deliciousdays.com,China,864-148-5801,27/01/2024
723,Augy,Rappa,,arappak2@com.com,Indonesia,228-669-7060,20/04/2024
724,Vern,Minett,42,vminettk3@quantcast.com,,850-807-1536,17/06/2024
725,Trumaine,Davidove,57,tdavidovek4@cargocollective.com,Russia,973-285-2760,26/09/2024
726,Ber,Dunk,,bdunkk5@archive.org,Czech Republic,688-379-6436,11/05/2024
727,Krisha,Zoanetti,69,kzoanettik6@smugmug.com,Czech Republic,848-959-6029,22/02/2024
728,Dinny,O'Keenan,63,dokeenank7@dyndns.org,Portugal,677-175-4855,13/09/2024
729,Netti,Adamczyk,36,nadamczykk8@sphinn.com,Portugal,160-683-9286,14/06/2024
730,Barnard,Bartak,34,bbartakk9@hud.gov,Thailand,942-538-5873,08/09/2024
731,Chandra,Fraczkiewicz,,cfraczkiewiczka@wisc.edu,Portugal,173-451-2516,28/06/2024
732,Jillayne,Sulter,64,jsulterkb@github.io,United States,619-474-6329,05/09/2024
733,Pierrette,Muspratt,42,pmusprattkc@howstuffworks.com,Greece,347-706-0189,09/06/2024
734,Nada,Broggelli,40,nbroggellikd@hostgator.com,Argentina,790-574-6667,18/08/2024
735,Anna,McRitchie,40,amcritchieke@over-blog.com,Indonesia,965-696-4557,22/07/2024
736,Gratia,Rahlof,29,grahlofkf@indiegogo.com,Bosnia and Herzegovina,469-666-0348,02/05/2024
737,Carlo,Han,22,chankg@craigslist.org,Colombia,435-543-7374,27/03/2024
738,Lazarus,Sarsons,47,lsarsonskh@alexa.com,Indonesia,126-416-7306,14/06/2024
739,Cherida,Bonnette,39,cbonnetteki@seattletimes.com,Indonesia,262-370-6781,16/05/2024
740,Hasty,Scrancher,75,hscrancherkj@exblog.jp,Croatia,158-688-1704,01/04/2024
741,Donaugh,Wilmington,,dwilmingtonkk@e-recht24.de,Thailand,390-889-8582,06/04/2024
742,Wallie,Agar,67,wagarkl@phoca.cz,,445-901-9202,04/04/2024
743,Reamonn,O'Spillane,46,rospillanekm@blogspot.com,Russia,730-904-1991,04/06/2024
744,Corbett,Haycock,54,chaycockkn@twitpic.com,Philippines,815-630-8315,13/03/2024
745,Virgina,MacNess,33,vmacnessko@cisco.com,Philippines,796-816-4003,25/04/2024
746,Valaria,Crust,78,vcrustkp@spiegel.de,Spain,421-953-3025,05/01/2024
747,Marv,Govini,,mgovinikq@cocolog-nifty.com,Yemen,898-860-2089,17/03/2024
748,Iormina,Somers,50,isomerskr@cnn.com,China,329-999-7856,22/03/2024
749,Genvieve,Treadger,35,gtreadgerks@google.nl,Nicaragua,287-292-1658,23/04/2024
750,Carolina,Atwool,49,catwoolkt@squidoo.com,China,324-756-8637,14/09/2024
751,Marieann,Endicott,36,mendicottku@discuz.net,Russia,209-476-0555,06/01/2024
752,Cara,Risby,,crisbykv@canalblog.com,China,665-393-8897,22/07/2024
753,Caren,Zaple,18,czaplekw@disqus.com,Japan,141-631-4379,29/06/2024
754,Elga,Whapples,75,ewhappleskx@unblog.fr,,472-423-6535,07/02/2024
755,Dougy,Scrammage,39,dscrammageky@bloglovin.com,Poland,612-695-4365,25/03/2024
756,Roman,Harkins,80,rharkinskz@t.co,Bangladesh,976-284-7525,20/02/2024
757,Robinetta,Arblaster,33,rarblasterl0@blogger.com,Sweden,137-525-0554,20/01/2024
758,Ethelin,McBrearty,40,emcbreartyl1@webs.com,Argentina,193-976-8664,19/06/2024
759,Corella,Riccio,84,cricciol2@utexas.edu,Philippines,651-170-9013,05/05/2024
760,Carolin,Avrahamof,,cavrahamofl3@123-reg.co.uk,Bulgaria,972-311-3887,13/05/2024
761,Jamaal,Durham,,jdurhaml4@typepad.com,China,735-695-1506,26/05/2024
762,Elia,Enion,70,eenionl5@comsenz.com,Indonesia,885-563-0004,30/05/2024
763,Akim,Hadfield,,ahadfieldl6@woothemes.com,Bangladesh,912-594-4365,23/03/2024
764,Diane-marie,Trewhitt,45,dtrewhittl7@desdev.cn,Indonesia,833-346-4103,13/01/2024
765,Haley,Peabody,24,hpeabodyl8@apache.org,Russia,367-479-3866,18/08/2024
766,Stanislas,Legerwood,,slegerwoodl9@jalbum.net,Georgia,793-693-9110,27/09/2024
767,Em,Ast,24,eastla@gov.uk,Indonesia,675-696-2485,30/05/2024
768,Roderich,MacKeogh,82,rmackeoghlb@seesaa.net,Canada,577-532-2848,24/04/2024
769,Glenine,Vivyan,67,gvivyanlc@reverbnation.com,Brazil,704-548-7819,01/07/2024
770,Cammy,Rispen,,crispenld@theatlantic.com,United States,704-983-8172,26/08/2024
771,Courtney,Asple,,casplele@sohu.com,China,287-185-0336,04/08/2024
772,Tomas,Clampton,,tclamptonlf@gov.uk,China,167-859-8025,10/05/2024
773,Amata,Boxall,,aboxalllg@ed.gov,Japan,993-102-0952,15/08/2024
774,Wini,Frape,81,wfrapelh@oakley.com,Indonesia,823-865-7385,22/03/2024
775,Brittani,Seabert,64,bseabertli@privacy.gov.au,Sweden,491-453-9050,25/09/2024
776,Codee,Foxen,,cfoxenlj@booking.com,China,425-401-6611,13/04/2024
777,Meredith,Sixsmith,,msixsmithlk@dion.ne.jp,Mexico,633-907-2593,25/05/2024
778,Florri,Baldung,61,fbaldungll@cocolog-nifty.com,,553-490-4176,12/02/2024
779,Kandace,Lillegard,45,klillegardlm@npr.org,Poland,413-685-4946,29/04/2024
780,Nathanial,Nightingale,,nnightingaleln@theguardian.com,Poland,303-984-9644,31/05/2024
781,Lianna,Doxsey,,ldoxseylo@mail.ru,Portugal,309-899-6935,03/03/2024
782,Dillon,Culwen,,dculwenlp@amazon.com,Thailand,200-314-3020,23/06/2024
783,Clarence,Dupoy,67,cdupoylq@nymag.com,Ukraine,555-364-5688,14/08/2024
784,Wylie,Woollard,58,wwoollardlr@gnu.org,Pakistan,818-227-8955,07/03/2024
785,Claire,Barnicott,35,cbarnicottls@rakuten.co.jp,Morocco,792-221-2672,20/03/2024
786,Dasya,Tomovic,28,dtomoviclt@digg.com,Brazil,423-383-7874,24/01/2024
787,Gill,Unger,73,gungerlu@admin.ch,Portugal,864-182-3474,06/06/2024
788,Raf,Fonso,,rfonsolv@netvibes.com,Ukraine,663-116-9878,26/05/2024
789,Eal,Maddrah,,emaddrahlw@accuweather.com,China,466-682-7686,21/04/2024
790,Thaxter,Habden,,thabdenlx@irs.gov,Czech Republic,172-430-3700,27/09/2024
791,Sebastiano,Heinrici,21,sheinricily@taobao.com,Indonesia,832-133-8238,16/06/2024
792,Chrystel,Plesing,,cplesinglz@buzzfeed.com,Indonesia,420-603-2253,28/03/2024
793,Cathrin,Mouget,40,cmougetm0@opera.com,China,212-903-1152,07/03/2024
794,Lilllie,Colling,36,lcollingm1@mtv.com,Brazil,768-948-9965,14/06/2024
795,Faunie,Eckert,51,feckertm2@vkontakte.ru,,719-261-6348,03/03/2024
796,Reube,Bromwich,75,rbromwichm3@t-online.de,Indonesia,720-565-4924,22/03/2024
797,Gerard,Elizabeth,79,gelizabethm4@reference.com,,696-904-6003,24/06/2024
798,Berthe,Gladbach,51,bgladbachm5@jugem.jp,Argentina,505-547-1764,31/08/2024
799,Tanya,Dmitrovic,76,tdmitrovicm6@newyorker.com,Egypt,160-481-6573,20/08/2024
800,Nichol,Feige,62,nfeigem7@sakura.ne.jp,China,182-721-6549,06/03/2024
801,Candi,Assel,,casselm8@dedecms.com,Indonesia,858-886-5366,09/07/2024
802,Brenda,Serle,83,bserlem9@independent.co.uk,Sri Lanka,224-297-8778,21/02/2024
803,Nate,MacDonogh,,nmacdonoghma@smh.com.au,Japan,908-638-4831,18/09/2024
804,Renelle,Cosh,71,rcoshmb@smh.com.au,Russia,231-602-7391,26/08/2024
805,Butch,Mapes,79,bmapesmc@youtube.com,Japan,847-562-7922,22/01/2024
806,Claresta,Picardo,64,cpicardomd@webs.com,China,127-261-4273,18/09/2024
807,Veronika,Wackley,50,vwackleyme@goo.gl,Egypt,686-735-7650,11/01/2024
808,Walsh,Pacquet,77,wpacquetmf@webs.com,Paraguay,668-364-8327,15/05/2024
809,Bone,Crilley,41,bcrilleymg@wix.com,Cameroon,802-155-7332,26/02/2024
810,Toni,Inglesant,32,tinglesantmh@globo.com,,703-307-2993,12/02/2024
811,Catherin,Dace,26,cdacemi@deviantart.com,,571-490-5757,13/06/2024
812,Darrel,Mulryan,61,dmulryanmj@icio.us,,416-570-0391,14/08/2024
813,Palm,Jeannesson,83,pjeannessonmk@weebly.com,Syria,463-371-5100,11/09/2024
814,Berte,Wetherald,,bwetheraldml@google.co.uk,Indonesia,136-489-6067,17/09/2024
815,Fenelia,Butts,60,fbuttsmm@virginia.edu,Poland,693-549-9091,14/08/2024
816,Carlos,Wasmer,83,cwasmermn@meetup.com,Afghanistan,813-615-1915,17/04/2024
817,Carol,Benjamin,74,cbenjaminmo@diigo.com,New Zealand,738-717-6929,25/07/2024
818,Brigg,Blanch,,bblanchmp@virginia.edu,Indonesia,349-889-2738,27/07/2024
819,Briney,Lamartine,,blamartinemq@weibo.com,Portugal,784-389-3150,25/07/2024
820,Luciana,Summerhayes,79,lsummerhayesmr@opera.com,France,964-877-4731,18/01/2024
821,Grissel,Weavers,,gweaversms@oracle.com,Somalia,252-953-9679,23/04/2024
822,Sheena,Crafter,,scraftermt@ycombinator.com,China,408-586-2214,06/05/2024
823,Jamill,Dragge,54,jdraggemu@privacy.gov.au,Portugal,290-997-5195,15/01/2024
824,Danna,Lorne,73,dlornemv@networkadvertising.org,Canada,915-782-8951,04/08/2024
825,Julio,Huguenet,60,jhuguenetmw@lycos.com,,225-430-8781,17/09/2024
826,Camellia,Fawdrie,,cfawdriemx@ning.com,Thailand,673-726-8683,26/02/2024
827,Sumner,Mattiussi,53,smattiussimy@ca.gov,Argentina,438-337-6913,10/01/2024
828,Mordy,Fairfoot,,mfairfootmz@shinystat.com,,172-296-2643,09/06/2024
829,Tomlin,Offa,,toffan0@reverbnation.com,China,230-501-9777,14/01/2024
830,Fenelia,Rolfini,74,frolfinin1@cmu.edu,Egypt,312-853-4134,01/02/2024
831,Ailis,Oldis,63,aoldisn2@themeforest.net,Portugal,327-440-7774,15/09/2024
832,Dalis,Nolleth,,dnollethn3@mayoclinic.com,Japan,481-193-0447,20/03/2024
833,Licha,Gunson,25,lgunsonn4@soundcloud.com,China,650-882-1502,29/01/2024
834,Kamillah,Poacher,81,kpoachern5@globo.com,China,889-499-3857,25/09/2024
835,Fanechka,Pickervance,45,fpickervancen6@amazon.co.jp,,830-788-2861,21/09/2024
836,Wilmette,Raulstone,,wraulstonen7@fastcompany.com,Russia,511-938-9565,07/01/2024
837,Ofella,Fiander,42,ofiandern8@instagram.com,Brunei,490-995-2525,14/04/2024
838,Corette,Carnegy,30,ccarnegyn9@home.pl,China,829-692-3437,20/04/2024
839,Jennee,Gasquoine,,jgasquoinena@wiley.com,Indonesia,173-759-9958,25/08/2024
840,Mirabelle,Signore,,msignorenb@livejournal.com,Gambia,141-332-7172,03/03/2024
841,Zondra,Giff,,zgiffnc@discuz.net,Indonesia,956-404-8485,19/07/2024
842,Enoch,Hodgen,,ehodgennd@admin.ch,Nepal,217-335-8287,19/06/2024
843,Mortie,Llewhellin,,mllewhellinne@mapy.cz,Russia,968-307-9671,07/06/2024
844,Parker,McNelis,44,pmcnelisnf@blogtalkradio.com,Tunisia,190-810-1443,14/04/2024
845,Del,Grute,,dgruteng@reference.com,Peru,785-371-7402,23/03/2024
846,Gerome,Dieton,,gdietonnh@zimbio.com,China,564-616-7520,22/09/2024
847,Essie,Stannah,50,estannahni@exblog.jp,Indonesia,237-991-1741,16/03/2024
848,Jsandye,Scorrer,74,jscorrernj@virginia.edu,Lesotho,874-819-5719,18/03/2024
849,Rhetta,Galgey,25,rgalgeynk@amazonaws.com,Indonesia,479-114-4701,31/07/2024
850,Nickey,Bedward,40,nbedwardnl@ucsd.edu,Monaco,517-942-6151,09/09/2024
851,Adamo,Branford,,abranfordnm@harvard.edu,Canada,214-813-1381,08/09/2024
852,Eddie,Elcomb,,eelcombnn@pcworld.com,Paraguay,189-716-1825,19/02/2024
853,Judye,Yeiles,69,jyeilesno@arstechnica.com,Micronesia,325-899-9403,15/03/2024
854,Marje,Drinkhall,,mdrinkhallnp@jugem.jp,,783-543-7330,27/05/2024
855,Emelia,Mullarkey,,emullarkeynq@clickbank.net,Myanmar,996-615-4920,12/08/2024
856,Viva,Scurrey,,vscurreynr@walmart.com,,609-263-6364,23/02/2024
857,Salomo,Varden,68,svardenns@ask.com,Venezuela,189-367-6657,27/05/2024
858,Waylan,Lukianov,,wlukianovnt@ustream.tv,Russia,931-143-7538,19/06/2024
859,Berty,Cunningham,52,bcunninghamnu@buzzfeed.com,Thailand,180-574-6225,02/07/2024
860,Rudolf,Dyble,37,rdyblenv@seesaa.net,Haiti,895-532-9323,22/09/2024
861,Lee,Gribbon,,lgribbonnw@barnesandnoble.com,Namibia,979-917-3670,21/07/2024
862,Shawna,Parsand,28,sparsandnx@nbcnews.com,China,119-212-9284,22/04/2024
863,Dinny,Girke,,dgirkeny@blogspot.com,Afghanistan,897-333-6467,23/08/2024
864,Byrann,Hasling,47,bhaslingnz@smugmug.com,Mongolia,450-427-3143,20/08/2024
865,Edi,Crinson,,ecrinsono0@bloglines.com,United States,626-946-8080,14/05/2024
866,Marilee,Beadles,32,mbeadleso1@examiner.com,Finland,258-879-1267,01/04/2024
867,Randie,Swaine,46,rswaineo2@newyorker.com,Malaysia,166-285-8737,10/06/2024
868,Ber,Knotton,,bknottono3@apple.com,Indonesia,995-293-2923,27/07/2024
869,Hillie,Lally,18,hlallyo4@pcworld.com,Brazil,616-743-1443,07/04/2024
870,Julio,Scorton,35,jscortono5@wiley.com,Brazil,889-622-2875,12/08/2024
871,Veradis,Losty,,vlostyo6@icio.us,,997-119-5007,01/08/2024
872,Marcel,Walhedd,41,mwalheddo7@ibm.com,,611-267-8913,09/08/2024
873,Birgit,Di Maggio,,bdimaggioo8@pinterest.com,Argentina,745-164-6561,09/07/2024
874,Merralee,Kinghorne,29,mkinghorneo9@xrea.com,Chile,714-828-4697,12/04/2024
875,Matty,Rickersy,76,mrickersyoa@dailymotion.com,Brazil,666-728-8458,09/06/2024
876,Demetris,Savatier,,dsavatierob@opensource.org,Russia,827-573-9157,14/07/2024
877,Isabelita,Sproule,61,isprouleoc@state.tx.us,China,584-306-3561,03/09/2024
878,Frederik,O'Hoey,53,fohoeyod@liveinternet.ru,China,637-984-9272,14/08/2024
879,Brianne,Gossage,78,bgossageoe@salon.com,,803-612-2074,15/09/2024
880,Caril,Gummary,74,cgummaryof@bloglovin.com,United States,209-624-9726,26/04/2024
881,Hillary,Conelly,50,hconellyog@so-net.ne.jp,Indonesia,103-288-4896,11/05/2024
882,Minni,Camilio,72,mcamiliooh@newsvine.com,China,661-235-0637,11/03/2024
883,Nellie,Newburn,30,nnewburnoi@reference.com,Philippines,156-538-0633,18/02/2024
884,Wyn,Lyvon,,wlyvonoj@skyrock.com,Indonesia,805-617-7851,05/09/2024
885,Mellisent,Skupinski,,mskupinskiok@google.com.au,,632-332-0207,24/06/2024
886,Michaela,Hollyard,,mhollyardol@blog.com,Philippines,716-436-7566,16/07/2024
887,Jaquith,Abrami,38,jabramiom@ox.ac.uk,Russia,628-120-7074,27/04/2024
888,Goldi,Gurley,31,ggurleyon@google.nl,Russia,895-688-5824,01/02/2024
889,Daveen,Carreyette,39,dcarreyetteoo@usnews.com,China,158-718-6402,25/07/2024
890,Ignaz,Anthoine,47,ianthoineop@delicious.com,Madagascar,176-398-3928,02/07/2024
891,Felicdad,Wilshaw,84,fwilshawoq@miibeian.gov.cn,Philippines,976-782-5300,20/06/2024
892,Sophi,Volett,,svolettor@engadget.com,Finland,621-666-3814,24/03/2024
893,Christean,Peris,61,cperisos@miibeian.gov.cn,Canada,920-994-0767,11/04/2024
894,Alley,Vanezis,74,avanezisot@sourceforge.net,Sweden,918-520-0515,19/02/2024
895,Carly,Stoacley,39,cstoacleyou@taobao.com,China,644-396-7611,11/09/2024
896,Augie,De Mico,48,ademicoov@cafepress.com,Thailand,320-162-2090,12/03/2024
897,Emmalyn,Conant,36,econantow@tamu.edu,China,389-682-7740,15/09/2024
898,Burg,Schoales,19,bschoalesox@ycombinator.com,,805-129-7676,29/06/2024
899,Jaquith,Pfaffel,,jpfaffeloy@twitter.com,Panama,595-488-6734,30/05/2024
900,Zarla,Weaver,79,zweaveroz@answers.com,China,150-224-5025,04/01/2024
901,Delmor,Stone Fewings,,dstonefewingsp0@wp.com,Iran,346-763-1464,21/06/2024
902,Archy,Just,27,ajustp1@answers.com,Ukraine,874-181-1425,04/03/2024
903,Antonino,Kilbee,42,akilbeep2@webs.com,Portugal,874-455-5165,05/06/2024
904,Codie,Upshall,73,cupshallp3@accuweather.com,South Korea,669-477-6976,23/04/2024
905,Laetitia,Gillfillan,,lgillfillanp4@geocities.jp,Philippines,414-667-9961,10/08/2024
906,Mildrid,Witchard,64,mwitchardp5@soundcloud.com,China,936-361-0100,15/07/2024
907,Ruthanne,Edwinson,65,redwinsonp6@jimdo.com,Mexico,684-654-9222,17/08/2024
908,Irwinn,Curphey,24,icurpheyp7@wp.com,Philippines,216-271-7223,11/06/2024
909,Audre,Mogenot,,amogenotp8@addtoany.com,Indonesia,784-939-9083,17/05/2024
910,Filmore,Stapforth,,fstapforthp9@i2i.jp,Peru,951-444-7278,22/03/2024
911,Nobie,Brennenstuhl,,nbrennenstuhlpa@webmd.com,China,278-950-1865,18/07/2024
912,Horst,Lalevee,56,hlaleveepb@techcrunch.com,Argentina,682-959-7035,15/07/2024
913,Gregorius,Paxeford,40,gpaxefordpc@taobao.com,China,621-354-4330,07/03/2024
914,Patrizio,Bonett,,pbonettpd@a8.net,China,729-964-1102,09/02/2024
915,Marney,Lanktree,56,mlanktreepe@ibm.com,China,159-387-8555,20/08/2024
916,Dareen,Bothams,,dbothamspf@livejournal.com,Poland,300-987-1818,28/06/2024
917,Tamqrah,Shapiro,,tshapiropg@cyberchimps.com,Colombia,545-607-7362,21/01/2024
918,Levin,Attiwill,,lattiwillph@discuz.net,Guam,689-743-9092,27/06/2024
919,Klaus,Fenners,77,kfennerspi@angelfire.com,Brazil,704-769-6861,03/04/2024
920,Chucho,Komorowski,20,ckomorowskipj@altervista.org,Brazil,693-915-7755,28/09/2024
921,Lory,Rowbottam,37,lrowbottampk@google.com.hk,China,365-892-7639,26/06/2024
922,Ashli,Seago,42,aseagopl@cbslocal.com,,872-605-8031,11/09/2024
923,Quintin,Foord,44,qfoordpm@statcounter.com,,230-696-0112,14/02/2024
924,Lamond,Renwick,35,lrenwickpn@hc360.com,Canada,164-906-2019,17/01/2024
925,Bonnee,Theurer,41,btheurerpo@qq.com,United States,813-676-6157,09/03/2024
926,Valerie,Gallyhaock,65,vgallyhaockpp@smh.com.au,France,838-706-2422,03/01/2024
927,Barri,Caville,48,bcavillepq@wikimedia.org,Indonesia,414-229-0875,25/04/2024
928,Bibby,Pouck,53,bpouckpr@google.ca,Mauritania,735-815-1573,02/04/2024
929,Raeann,Serrell,28,rserrellps@w3.org,Japan,490-802-6914,31/05/2024
930,Jarvis,Girdlestone,,jgirdlestonept@icio.us,,200-609-5516,25/05/2024
931,Gizela,Grim,48,ggrimpu@cnn.com,China,814-169-4085,13/01/2024
932,Alysa,Lilford,71,alilfordpv@istockphoto.com,Indonesia,749-309-9631,12/03/2024
933,Fifine,Gawke,,fgawkepw@time.com,Finland,357-928-4056,06/07/2024
934,Amandi,Backsal,,abacksalpx@fc2.com,China,266-959-5974,17/05/2024
935,Anallese,Echalie,,aechaliepy@hud.gov,France,505-858-4907,28/07/2024
936,Jobina,Baume,78,jbaumepz@weebly.com,China,570-475-5882,14/01/2024
937,Allayne,Sheppard,46,asheppardq0@un.org,Benin,475-420-4924,05/05/2024
938,Gavrielle,Belsham,,gbelshamq1@plala.or.jp,,144-806-2220,05/03/2024
939,Calv,Asman,42,casmanq2@posterous.com,Israel,321-422-6437,23/07/2024
940,Bride,Dewhurst,20,bdewhurstq3@hc360.com,Indonesia,749-650-2173,26/09/2024
941,Niki,Grieves,30,ngrievesq4@nbcnews.com,Yemen,377-690-7248,14/01/2024
942,Janeta,Jurczik,,jjurczikq5@businessweek.com,Indonesia,815-286-2035,18/03/2024
943,Robinet,Lupton,24,rluptonq6@netvibes.com,Philippines,567-622-3768,18/05/2024
944,Gard,Brady,,gbradyq7@archive.org,China,755-794-9961,25/06/2024
945,Daile,Setterington,67,dsetteringtonq8@businesswire.com,China,408-578-4310,14/05/2024
946,Georgianne,Beekman,,gbeekmanq9@macromedia.com,,291-211-3908,14/08/2024
947,Veronique,M'Barron,45,vmbarronqa@digg.com,Russia,796-136-6253,13/09/2024
948,Aldo,Bickerstaffe,,abickerstaffeqb@ucoz.com,Portugal,302-475-2158,06/01/2024
949,Daryl,Need,,dneedqc@drupal.org,Indonesia,948-807-1433,29/03/2024
950,Luis,Dachs,28,ldachsqd@people.com.cn,Indonesia,130-870-7397,28/08/2024
951,Jimmy,Helin,57,jhelinqe@moonfruit.com,China,686-998-6512,17/04/2024
952,Read,Cruise,54,rcruiseqf@cdbaby.com,China,532-742-6075,02/04/2024
953,Gregorius,Beston,,gbestonqg@shareasale.com,Colombia,853-430-1482,06/08/2024
954,Carena,Pes,58,cpesqh@addtoany.com,South Korea,250-491-1244,27/02/2024
955,Radcliffe,Sellick,,rsellickqi@amazon.com,Indonesia,768-377-1566,15/09/2024
956,Bent,Haggerstone,75,bhaggerstoneqj@reference.com,,139-180-0957,11/03/2024
957,Jenine,Connett,26,jconnettqk@blogspot.com,China,719-157-2843,01/03/2024
958,Kaye,Hearl,36,khearlql@miitbeian.gov.cn,Indonesia,534-226-8372,12/08/2024
959,Blaine,Lumm,,blummqm@a8.net,,242-115-1380,19/03/2024
960,Raimondo,Paolino,49,rpaolinoqn@typepad.com,Croatia,709-681-3948,25/07/2024
961,Menard,Gonnard,74,mgonnardqo@cisco.com,Portugal,706-147-6126,01/04/2024
962,Patten,Cresser,,pcresserqp@livejournal.com,Indonesia,959-770-4260,18/03/2024
963,Patrick,Kitney,56,pkitneyqq@abc.net.au,Malaysia,164-864-3775,12/07/2024
964,Steffie,holmes,,sholmesqr@creativecommons.org,Pakistan,513-340-4632,13/02/2024
965,Gustaf,Meanwell,33,gmeanwellqs@bloglines.com,Serbia,836-769-0748,25/01/2024
966,Rosanna,Devoy,,rdevoyqt@bing.com,,420-386-8611,21/03/2024
967,Stanley,Tremmel,38,stremmelqu@unc.edu,Indonesia,264-279-9185,17/01/2024
968,Kippie,MacBarron,73,kmacbarronqv@simplemachines.org,Indonesia,732-854-7370,17/09/2024
969,Kingsly,Bastistini,,kbastistiniqw@noaa.gov,China,933-856-1917,14/07/2024
970,Jud,Toomer,43,jtoomerqx@sourceforge.net,South Africa,295-982-8558,10/08/2024
971,Anton,Witling,,awitlingqy@hexun.com,Palestinian Territory,434-408-4075,14/03/2024
972,Kyrstin,Boullin,34,kboullinqz@ox.ac.uk,Myanmar,348-608-6326,21/08/2024
973,Hamid,Ridler,68,hridlerr0@odnoklassniki.ru,United States,203-152-9037,05/04/2024
974,Georgie,Suffe,,gsuffer1@tinypic.com,Indonesia,959-453-6290,07/07/2024
975,Issie,Rottger,20,irottgerr2@microsoft.com,Dominican Republic,776-139-4066,26/02/2024
976,Mariette,McGuckin,56,mmcguckinr3@apple.com,China,266-767-1764,29/07/2024
977,Melania,Carwardine,72,mcarwardiner4@dailymotion.com,,543-214-7520,04/08/2024
978,Winfield,Elcoux,26,welcouxr5@barnesandnoble.com,France,981-377-1800,26/05/2024
979,Martita,Dehn,,mdehnr6@diigo.com,,130-594-9495,06/04/2024
980,Mireielle,Fawltey,70,mfawlteyr7@dagondesign.com,Russia,600-648-7438,06/04/2024
981,Marya,O'Regan,78,moreganr8@ameblo.jp,Portugal,270-329-8385,25/02/2024
982,Benedetta,Standbrooke,57,bstandbrooker9@virginia.edu,China,200-426-7941,26/01/2024
983,Ardella,Kilpatrick,35,akilpatrickra@biblegateway.com,Thailand,920-190-9463,15/04/2024
984,Mathian,Pedrazzi,31,mpedrazzirb@stumbleupon.com,Russia,728-783-0793,06/02/2024
985,Radcliffe,O'Moylan,64,romoylanrc@free.fr,Poland,656-674-0587,28/05/2024
986,Audry,Blasl,57,ablaslrd@gov.uk,,636-178-7007,05/02/2024
987,Franny,Snead,,fsneadre@ycombinator.com,Indonesia,767-881-4626,18/04/2024
988,Cathrin,Ionnidis,46,cionnidisrf@earthlink.net,Tanzania,551-384-3566,03/04/2024
989,Benjamin,Cunrado,,bcunradorg@bing.com,Indonesia,239-542-6512,10/01/2024
990,Brook,Siddons,,bsiddonsrh@senate.gov,,761-427-4718,10/01/2024
991,Toddy,Phython,45,tphythonri@quantcast.com,Antigua and Barbuda,822-540-7603,04/05/2024
992,Booth,Maly,,bmalyrj@nps.gov,,158-355-5784,11/02/2024
993,Valentina,Danbye,85,vdanbyerk@soup.io,China,500-124-7510,10/03/2024
994,Dorise,Sexty,,dsextyrl@xing.com,United States,412-527-7326,01/01/2024
995,Austin,Doag,81,adoagrm@constantcontact.com,,430-871-7102,31/03/2024
996,Anabella,Crosi,49,acrosirn@squidoo.com,China,421-975-2882,19/01/2024
997,Mable,Franzewitch,26,mfranzewitchro@java.com,,521-938-2214,12/06/2024
998,Jaine,McTeggart,,jmcteggartrp@jigsy.com,China,118-467-8315,14/08/2024
999,Darcee,Phizackarley,55,dphizackarleyrq@bluehost.com,Canada,180-145-5304,10/08/2024
1000,Yulma,Loosley,78,yloosleyrr@gravatar.com,Indonesia,631-408-0553,29/08/2024
