id,first_name,last_name,email,gender
1,Gilda,Crosher,gcrosher0@blinklist.com,Female
2,Sephira,Grestye,sgrestye1@statcounter.com,Female
3,Dede,Smithe,dsmithe2@statcounter.com,Agender
4,Wynn,Itscowics,witscowics3@addtoany.com,Female
5,Fulton,Hanselmann,fhanselmann4@macromedia.com,Male
6,Andy,Bacchus,abacchus5@rakuten.co.jp,Male
7,Ev,MacNeice,emacneice6@slashdot.org,Male
8,Viola,Goffe,vgoffe7@paypal.com,Female
9,Elfreda,Ferres,eferres8@blinklist.com,Female
10,Franky,Bonds,fbonds9@360.cn,Male
11,Karlens,Beautyman,kbeautymana@yellowbook.com,Male
12,Cooper,Ridgwell,cridgwellb@oracle.com,Male
13,Shandie,Fey,sfeyc@bloomberg.com,Female
14,Lucie,Krug,lkrugd@engadget.com,Female
15,Allys,Durnall,adurnalle@cbc.ca,Female
16,Lyndsay,Jedrzej,ljedrzejf@sogou.com,Female
17,Sergio,Doige,sdoigeg@adobe.com,Male
18,Agretha,Conley,aconleyh@dailymotion.com,Female
19,Kevyn,Grigorey,kgrigoreyi@alibaba.com,Female
20,Lockwood,Margerison,lmargerisonj@hhs.gov,Male
21,Thayne,Brodeau,tbrodeauk@merriam-webster.com,Male
22,Karlene,Elletson,kelletsonl@networksolutions.com,Female
23,Noell,Bryce,nbrycem@t.co,Female
24,Judye,Mahedy,jmahedyn@clickbank.net,Female
25,Gallard,Roome,groomeo@harvard.edu,Male
26,Isa,Bourcq,ibourcqp@upenn.edu,Female
27,Lyell,Abbyss,labbyssq@un.org,Male
28,Godard,Marner,gmarnerr@sakura.ne.jp,Male
29,Kathie,Radoux,kradouxs@123-reg.co.uk,Genderqueer
30,Flem,Whatling,fwhatlingt@sitemeter.com,Male
31,Ninetta,McGiffin,nmcgiffinu@abc.net.au,Agender
32,Jocelin,Vasiliu,jvasiliuv@4shared.com,Female
33,Frederick,Nettles,fnettlesw@printfriendly.com,Male
34,Stanleigh,Dranfield,sdranfieldx@google.pl,Male
35,Thaddeus,Birley,tbirleyy@dailymotion.com,Male
36,Lynnelle,Bettanay,lbettanayz@omniture.com,Female
37,Adler,Maffulli,amaffulli10@unblog.fr,Male
38,Dolli,Broom,dbroom11@squidoo.com,Non-binary
39,Zondra,Macro,zmacro12@timesonline.co.uk,Female
40,Ira,Sayre,isayre13@twitpic.com,Female
41,Joana,Ratray,jratray14@discuz.net,Female
42,Marris,Wahncke,mwahncke15@amazon.co.jp,Female
43,Liv,Blakeman,lblakeman16@shop-pro.jp,Female
44,Fredra,Jewsbury,fjewsbury17@tinypic.com,Female
45,Flint,Branwhite,fbranwhite18@amazonaws.com,Male
46,Yetta,Bradbeer,ybradbeer19@answers.com,Female
47,Bradan,Unthank,bunthank1a@si.edu,Male
48,Charlie,Van Dale,cvandale1b@prnewswire.com,Male
49,Sydelle,Perulli,sperulli1c@360.cn,Female
50,Lu,Krzyzowski,lkrzyzowski1d@mtv.com,Female
51,Hewe,Ledwitch,hledwitch1e@netvibes.com,Male
52,Gwennie,Maxwale,gmaxwale1f@noaa.gov,Female
53,Benn,Showell,bshowell1g@mtv.com,Genderfluid
54,Skipton,Filipychev,sfilipychev1h@jiathis.com,Male
55,Minor,Tapenden,mtapenden1i@php.net,Male
56,Konstanze,Tomalin,ktomalin1j@ox.ac.uk,Polygender
57,Adeline,Shapiro,ashapiro1k@example.com,Female
58,Fee,Twells,ftwells1l@newyorker.com,Male
59,Merralee,Reinhard,mreinhard1m@about.com,Female
60,Arne,Pearl,apearl1n@cisco.com,Male
61,Marve,Alsopp,malsopp1o@github.io,Male
62,Sean,de Clercq,sdeclercq1p@purevolume.com,Female
63,Cleon,Houlridge,choulridge1q@cyberchimps.com,Male
64,Alyssa,Sends,asends1r@hc360.com,Female
65,Rivkah,Surman-Wells,rsurmanwells1s@nbcnews.com,Genderfluid
66,Hashim,Durdle,hdurdle1t@cnbc.com,Agender
67,Francklin,Rossi,frossi1u@studiopress.com,Male
68,Tremain,Arnott,tarnott1v@engadget.com,Male
69,Celisse,Shird,cshird1w@elpais.com,Female
70,Teodor,Lanfer,tlanfer1x@ftc.gov,Male
71,Luciano,Attrill,lattrill1y@upenn.edu,Male
72,Darill,Dabs,ddabs1z@nature.com,Male
73,Craig,Macoun,cmacoun20@google.co.jp,Male
74,Baron,Mailey,bmailey21@weebly.com,Male
75,Warner,Broomhall,wbroomhall22@jiathis.com,Male
76,Tallie,Leech,tleech23@whitehouse.gov,Female
77,Vern,McClary,vmcclary24@homestead.com,Male
78,Valene,Twitching,vtwitching25@a8.net,Female
79,Valeria,Godbald,vgodbald26@wufoo.com,Female
80,Ilysa,Dripp,idripp27@bbc.co.uk,Female
81,Kienan,Legg,klegg28@4shared.com,Male
82,Francis,Bromehed,fbromehed29@godaddy.com,Male
83,Donella,Mensler,dmensler2a@over-blog.com,Female
84,Gwenneth,Chardin,gchardin2b@mysql.com,Female
85,Ruby,Dekeyser,rdekeyser2c@spotify.com,Agender
86,Stanleigh,Plail,splail2d@yellowpages.com,Male
87,Rocky,Primrose,rprimrose2e@moonfruit.com,Male
88,Janelle,Chisnall,jchisnall2f@studiopress.com,Female
89,Cullie,Bullan,cbullan2g@utexas.edu,Male
90,Maud,Bonallack,mbonallack2h@ca.gov,Female
91,Sheelah,Smallshaw,ssmallshaw2i@harvard.edu,Female
92,Elvira,Weagener,eweagener2j@marketwatch.com,Female
93,Maggy,Badgers,mbadgers2k@cargocollective.com,Female
94,Dolores,Mattussevich,dmattussevich2l@phoca.cz,Female
95,Paolo,Wallenger,pwallenger2m@vistaprint.com,Male
96,Joaquin,Whieldon,jwhieldon2n@netscape.com,Male
97,Lilyan,Curran,lcurran2o@blinklist.com,Female
98,Trumann,Moiser,tmoiser2p@goo.ne.jp,Male
99,Herby,Hardwicke,hhardwicke2q@simplemachines.org,Male
100,Aksel,Colleran,acolleran2r@bravesites.com,Male
101,Hunt,Orritt,horritt2s@cisco.com,Male
102,Alessandro,Son,ason2t@ow.ly,Male
103,Shanon,Waye,swaye2u@census.gov,Female
104,Wildon,Lerhinan,wlerhinan2v@amazon.com,Male
105,Stace,Scoyles,sscoyles2w@bigcartel.com,Female
106,Shelia,Stone Fewings,sstonefewings2x@seesaa.net,Non-binary
107,Aggie,Heggman,aheggman2y@ezinearticles.com,Female
108,Adlai,Klampk,aklampk2z@bing.com,Male
109,Marna,Kytley,mkytley30@harvard.edu,Female
110,Carlie,Greenwell,cgreenwell31@hp.com,Bigender
111,Cleon,Gainsborough,cgainsborough32@seesaa.net,Male
112,Orton,Stirgess,ostirgess33@economist.com,Male
113,Web,O'Lennachain,wolennachain34@wikipedia.org,Male
114,Major,Feast,mfeast35@imageshack.us,Male
115,Alexio,Laborde,alaborde36@wired.com,Non-binary
116,Nani,Sexty,nsexty37@senate.gov,Female
117,Allie,Smaile,asmaile38@alexa.com,Male
118,Ira,Solland,isolland39@about.me,Male
119,Ardra,Ollier,aollier3a@cafepress.com,Female
120,Leoline,Arents,larents3b@patch.com,Female
121,Mariann,Klagge,mklagge3c@so-net.ne.jp,Female
122,Sylas,Legate,slegate3d@loc.gov,Male
123,Carmon,Casarino,ccasarino3e@dion.ne.jp,Female
124,Luciano,Meegin,lmeegin3f@mediafire.com,Male
125,Pavlov,Wadie,pwadie3g@cdbaby.com,Male
126,Corinna,Casbolt,ccasbolt3h@disqus.com,Female
127,Sianna,Dimelow,sdimelow3i@godaddy.com,Female
128,Grenville,Diddams,gdiddams3j@ameblo.jp,Bigender
129,Felicdad,Balnave,fbalnave3k@ezinearticles.com,Polygender
130,Jeannine,Phant,jphant3l@gizmodo.com,Female
131,Haskell,Radin,hradin3m@stanford.edu,Male
132,Kimberly,Dashwood,kdashwood3n@usgs.gov,Female
133,Penny,Gashion,pgashion3o@cafepress.com,Female
134,Hewe,McGeown,hmcgeown3p@joomla.org,Male
135,Isobel,Scally,iscally3q@dagondesign.com,Female
136,Braden,Capes,bcapes3r@shareasale.com,Male
137,Esdras,Alejandro,ealejandro3s@myspace.com,Male
138,Gottfried,Riche,griche3t@youku.com,Male
139,Elaine,Insoll,einsoll3u@webeden.co.uk,Female
140,Leontine,Manifield,lmanifield3v@army.mil,Female
141,Xaviera,Birckmann,xbirckmann3w@posterous.com,Female
142,Marquita,Lambie,mlambie3x@un.org,Female
143,Gerome,Baggally,gbaggally3y@clickbank.net,Male
144,Eyde,Deneve,edeneve3z@blogspot.com,Female
145,Kent,Wilby,kwilby40@ning.com,Male
146,Nance,Corson,ncorson41@arizona.edu,Polygender
147,Ginnifer,Hursey,ghursey42@chron.com,Female
148,Ilka,Vedenichev,ivedenichev43@weather.com,Female
149,Alida,Prew,aprew44@bing.com,Female
150,Gianni,Drache,gdrache45@ycombinator.com,Male
151,Pancho,McClancy,pmcclancy46@slate.com,Male
152,Theressa,Whitwood,twhitwood47@npr.org,Female
153,Bart,Sellers,bsellers48@lulu.com,Genderqueer
154,Bastien,Purches,bpurches49@sun.com,Male
155,Sibella,Dewey,sdewey4a@dion.ne.jp,Female
156,Emelyne,Tuckwell,etuckwell4b@xinhuanet.com,Female
157,Kissee,Ronaghan,kronaghan4c@friendfeed.com,Female
158,Chickie,Nuscha,cnuscha4d@ftc.gov,Male
159,Jacinta,Axelby,jaxelby4e@dropbox.com,Female
160,Anallise,Gallop,agallop4f@wikia.com,Female
161,Brantley,Luckman,bluckman4g@instagram.com,Male
162,Sarge,Ballefant,sballefant4h@ca.gov,Male
163,Morse,Martyntsev,mmartyntsev4i@pagesperso-orange.fr,Male
164,Lorant,Medwell,lmedwell4j@sciencedaily.com,Male
165,Ward,Crawcour,wcrawcour4k@deliciousdays.com,Male
166,Dukie,Parkhouse,dparkhouse4l@woothemes.com,Non-binary
167,Jacky,Levy,jlevy4m@tuttocitta.it,Female
168,Emlen,Tiddeman,etiddeman4n@360.cn,Male
169,Petronella,Townrow,ptownrow4o@yale.edu,Female
170,Bernie,Eldridge,beldridge4p@who.int,Female
171,Dionisio,Ibbetson,dibbetson4q@123-reg.co.uk,Male
172,Audre,Circuit,acircuit4r@delicious.com,Female
173,Abba,Nealy,anealy4s@miitbeian.gov.cn,Male
174,Faulkner,Canwell,fcanwell4t@infoseek.co.jp,Male
175,Orel,Klausewitz,oklausewitz4u@oakley.com,Female
176,Locke,Balderson,lbalderson4v@gmpg.org,Male
177,Donn,Kirkpatrick,dkirkpatrick4w@icio.us,Male
178,Joshuah,Castellone,jcastellone4x@fotki.com,Male
179,Melloney,Beacon,mbeacon4y@reverbnation.com,Female
180,Allx,Grabert,agrabert4z@google.de,Bigender
181,Arturo,Imlacke,aimlacke50@nymag.com,Agender
182,Budd,Tamblingson,btamblingson51@histats.com,Male
183,Corena,Roback,croback52@arizona.edu,Female
184,Corabella,Font,cfont53@geocities.jp,Female
185,Andromache,Meatyard,ameatyard54@dell.com,Polygender
186,Judon,Rehm,jrehm55@com.com,Male
187,Gearard,MacCarter,gmaccarter56@nsw.gov.au,Male
188,Merry,Sherborne,msherborne57@vkontakte.ru,Female
189,Ravid,Cucuzza,rcucuzza58@typepad.com,Male
190,Emelyne,Grabbam,egrabbam59@arizona.edu,Female
191,Larina,Andriss,landriss5a@hugedomains.com,Female
192,Luz,Ertelt,lertelt5b@statcounter.com,Female
193,Johnathon,Camamill,jcamamill5c@hao123.com,Male
194,Berti,Donegan,bdonegan5d@free.fr,Female
195,Kristal,Chavey,kchavey5e@ox.ac.uk,Female
196,Courtnay,Keaton,ckeaton5f@dropbox.com,Female
197,Read,Ausiello,rausiello5g@intel.com,Male
198,Kiah,Barham,kbarham5h@furl.net,Female
199,Dee dee,Elgee,delgee5i@google.ru,Female
200,Lorens,Roizin,lroizin5j@globo.com,Male
201,Midge,Greaterex,mgreaterex5k@surveymonkey.com,Female
202,Brew,Kynge,bkynge5l@csmonitor.com,Genderqueer
203,Willetta,Tabbernor,wtabbernor5m@macromedia.com,Female
204,Ardra,de Merida,ademerida5n@odnoklassniki.ru,Female
205,Angelina,Jay,ajay5o@cmu.edu,Female
206,Antin,Cortnay,acortnay5p@slate.com,Male
207,Kristen,Ingliss,kingliss5q@cdc.gov,Female
208,Raffarty,Thiolier,rthiolier5r@vk.com,Male
209,Frasco,Swinn,fswinn5s@trellian.com,Male
210,Evey,Grinin,egrinin5t@barnesandnoble.com,Female
211,Nelli,Iacobacci,niacobacci5u@sitemeter.com,Female
212,Fanchon,Yeld,fyeld5v@craigslist.org,Female
213,Ward,Titta,wtitta5w@e-recht24.de,Male
214,Earlie,Niess,eniess5x@amazon.co.uk,Male
215,Kathye,McEntegart,kmcentegart5y@yandex.ru,Female
216,Sayre,Mapplebeck,smapplebeck5z@meetup.com,Female
217,Matteo,Safell,msafell60@patch.com,Male
218,Clair,Burmaster,cburmaster61@amazonaws.com,Bigender
219,Trev,Mussington,tmussington62@multiply.com,Male
220,Damiano,Shufflebotham,dshufflebotham63@wunderground.com,Male
221,Oberon,Flatman,oflatman64@phoca.cz,Male
222,Marybelle,Coatts,mcoatts65@unc.edu,Bigender
223,Kimmi,Saich,ksaich66@harvard.edu,Female
224,Sheridan,Durkin,sdurkin67@hc360.com,Male
225,Giulio,Priestnall,gpriestnall68@bbb.org,Male
226,Coretta,Newson,cnewson69@ow.ly,Female
227,Cosetta,Gunner,cgunner6a@google.ca,Female
228,Alverta,Swaffield,aswaffield6b@digg.com,Female
229,Pammy,Orts,ports6c@merriam-webster.com,Female
230,Elaine,Kingshott,ekingshott6d@yellowbook.com,Female
231,Dylan,Flobert,dflobert6e@icq.com,Male
232,Britt,Memmory,bmemmory6f@issuu.com,Female
233,Bronson,Noice,bnoice6g@infoseek.co.jp,Non-binary
234,Giffy,Tremayne,gtremayne6h@spotify.com,Male
235,Slade,Dubois,sdubois6i@spotify.com,Male
236,Jaquelyn,Rossi,jrossi6j@slideshare.net,Genderqueer
237,Timothea,Stut,tstut6k@is.gd,Female
238,Merla,Darrach,mdarrach6l@deviantart.com,Female
239,Alikee,Bailie,abailie6m@wikipedia.org,Female
240,Benn,Wastell,bwastell6n@boston.com,Non-binary
241,Bob,Menguy,bmenguy6o@gnu.org,Male
242,Rossie,Nesby,rnesby6p@yellowbook.com,Male
243,Westley,Kilcullen,wkilcullen6q@theatlantic.com,Male
244,Isabeau,Skitch,iskitch6r@auda.org.au,Female
245,Lauren,Heigold,lheigold6s@google.de,Female
246,Luz,Stanney,lstanney6t@canalblog.com,Female
247,Joline,Hurworth,jhurworth6u@flickr.com,Female
248,Flossi,Darwent,fdarwent6v@last.fm,Genderqueer
249,Erin,Geratasch,egeratasch6w@earthlink.net,Female
250,Rochell,Erbain,rerbain6x@flavors.me,Female
251,Gustavus,Atwill,gatwill6y@plala.or.jp,Male
252,Arch,Pabel,apabel6z@chronoengine.com,Male
253,Alessandro,Mayward,amayward70@webs.com,Male
254,Aaron,Woolhouse,awoolhouse71@biblegateway.com,Polygender
255,Janette,Kenneway,jkenneway72@omniture.com,Female
256,Symon,Tabourin,stabourin73@bloglovin.com,Male
257,Yoko,Frisch,yfrisch74@senate.gov,Female
258,Purcell,D'Alesco,pdalesco75@shutterfly.com,Male
259,Benedict,Huonic,bhuonic76@naver.com,Agender
260,Valentine,Beddie,vbeddie77@github.com,Female
261,Eduard,Guice,eguice78@about.me,Male
262,Fleming,Cauthra,fcauthra79@printfriendly.com,Male
263,Kaylyn,Rablan,krablan7a@cbc.ca,Female
264,Olivier,McPeice,omcpeice7b@netvibes.com,Male
265,Aubert,Clausen,aclausen7c@wired.com,Agender
266,Clarissa,Knibbs,cknibbs7d@gizmodo.com,Female
267,Channa,Forrestall,cforrestall7e@1688.com,Female
268,Kristan,Fossett,kfossett7f@sourceforge.net,Female
269,Alwyn,MacSorley,amacsorley7g@amazon.co.jp,Male
270,Merlina,Merriday,mmerriday7h@infoseek.co.jp,Female
271,Opaline,Lethby,olethby7i@google.com.au,Female
272,Davon,Hudel,dhudel7j@weather.com,Male
273,Clo,Brunke,cbrunke7k@nasa.gov,Female
274,Clary,Heatly,cheatly7l@exblog.jp,Female
275,Fanny,Roome,froome7m@mayoclinic.com,Female
276,Sammy,Audibert,saudibert7n@umich.edu,Female
277,Verne,Tock,vtock7o@adobe.com,Male
278,Mireielle,Haslehurst,mhaslehurst7p@dagondesign.com,Female
279,Arthur,Mainz,amainz7q@salon.com,Genderfluid
280,Cully,Feehily,cfeehily7r@google.fr,Male
281,Wadsworth,Powis,wpowis7s@bbb.org,Male
282,Hubey,Langcaster,hlangcaster7t@nature.com,Male
283,Orly,Phipard-Shears,ophipardshears7u@apache.org,Female
284,Cobb,Buzza,cbuzza7v@paginegialle.it,Male
285,Arlan,Ruby,aruby7w@hc360.com,Male
286,Brandie,Thynn,bthynn7x@cyberchimps.com,Female
287,Daffy,Balshaw,dbalshaw7y@businessinsider.com,Female
288,Ephrem,Kopmann,ekopmann7z@youku.com,Male
289,Anthia,Afield,aafield80@liveinternet.ru,Female
290,Gabbi,Hakes,ghakes81@1und1.de,Female
291,Kippie,Dohr,kdohr82@twitpic.com,Female
292,Cassandry,Gaggen,cgaggen83@wikispaces.com,Genderqueer
293,Hanan,Kondrachenko,hkondrachenko84@amazon.de,Male
294,Jareb,Saturley,jsaturley85@opera.com,Male
295,Elvis,Bashford,ebashford86@adobe.com,Male
296,Ashley,Goshawk,agoshawk87@example.com,Male
297,Eduard,Sams,esams88@aol.com,Male
298,Armstrong,Baldoni,abaldoni89@spiegel.de,Male
299,Noemi,Sweetman,nsweetman8a@ftc.gov,Female
300,Lorrie,Huton,lhuton8b@youtu.be,Female
301,Coralie,Mincini,cmincini8c@springer.com,Female
302,Coleen,Brennon,cbrennon8d@blogtalkradio.com,Female
303,Magdalena,Hurdedge,mhurdedge8e@wikimedia.org,Female
304,Asa,Lennarde,alennarde8f@washington.edu,Male
305,Carolus,Shetliff,cshetliff8g@nba.com,Genderqueer
306,Margalo,Belamy,mbelamy8h@smugmug.com,Female
307,Donaugh,Feveryear,dfeveryear8i@virginia.edu,Male
308,Louella,Upcott,lupcott8j@washington.edu,Female
309,Fulton,Nealon,fnealon8k@stumbleupon.com,Male
310,Ramsey,O'Scollee,roscollee8l@infoseek.co.jp,Male
311,Adele,Walkley,awalkley8m@microsoft.com,Agender
312,Vivienne,Gentery,vgentery8n@seattletimes.com,Female
313,Toma,Danter,tdanter8o@blogs.com,Female
314,Martguerita,Dufour,mdufour8p@istockphoto.com,Female
315,Efren,Such,esuch8q@baidu.com,Male
316,Quentin,Broggio,qbroggio8r@bloglovin.com,Male
317,Cass,Pheasey,cpheasey8s@sciencedaily.com,Male
318,Mendy,Phant,mphant8t@amazonaws.com,Male
319,Marlon,Bracey,mbracey8u@scribd.com,Male
320,Agathe,Duddell,aduddell8v@ucoz.com,Female
321,Rebecka,Thornebarrow,rthornebarrow8w@pbs.org,Female
322,Ode,Copello,ocopello8x@aboutads.info,Male
323,Obadiah,Bree,obree8y@ning.com,Male
324,Sky,Wince,swince8z@sohu.com,Male
325,Kelli,Giacomuzzo,kgiacomuzzo90@studiopress.com,Genderqueer
326,Olwen,Iowarch,oiowarch91@ed.gov,Female
327,Manon,Kobke,mkobke92@pcworld.com,Female
328,Nealson,Andreu,nandreu93@slideshare.net,Male
329,Hermann,Mitchely,hmitchely94@mashable.com,Non-binary
330,Evangelia,Huggan,ehuggan95@zdnet.com,Female
331,Sheffie,Zarfati,szarfati96@dell.com,Male
332,Stella,Nadin,snadin97@whitehouse.gov,Female
333,Delila,Le Grice,dlegrice98@wiley.com,Bigender
334,Gabriell,de Clercq,gdeclercq99@cornell.edu,Female
335,Yvette,Barr,ybarr9a@joomla.org,Female
336,Ermentrude,Ashwin,eashwin9b@ask.com,Female
337,Reinaldo,Willmetts,rwillmetts9c@home.pl,Male
338,Padriac,Olland,polland9d@tamu.edu,Male
339,Kata,Weems,kweems9e@about.me,Female
340,Rahal,Menzies,rmenzies9f@virginia.edu,Female
341,Loretta,Coenraets,lcoenraets9g@e-recht24.de,Polygender
342,Crosby,Absalom,cabsalom9h@shinystat.com,Bigender
343,Madella,Gainsboro,mgainsboro9i@reddit.com,Female
344,Paulie,Alvis,palvis9j@globo.com,Female
345,Dev,Deware,ddeware9k@woothemes.com,Male
346,Penelopa,Dregan,pdregan9l@devhub.com,Female
347,Julio,Preddy,jpreddy9m@paginegialle.it,Male
348,Kelcy,Clabburn,kclabburn9n@de.vu,Bigender
349,Babbette,Weller,bweller9o@devhub.com,Genderqueer
350,Patience,Hairesnape,phairesnape9p@webnode.com,Female
351,Debora,Dransfield,ddransfield9q@telegraph.co.uk,Female
352,Aldo,Letrange,aletrange9r@baidu.com,Agender
353,Hildegaard,Shearwood,hshearwood9s@uiuc.edu,Female
354,Kerby,McKnish,kmcknish9t@buzzfeed.com,Male
355,Tom,Borkin,tborkin9u@hhs.gov,Genderqueer
356,Biddy,Candelin,bcandelin9v@independent.co.uk,Female
357,Robbi,Mayow,rmayow9w@technorati.com,Female
358,Gunar,Bisset,gbisset9x@paginegialle.it,Male
359,Isis,Kemmer,ikemmer9y@elpais.com,Female
360,Ashia,Gaynes,agaynes9z@flavors.me,Female
361,Osborne,Hallmark,ohallmarka0@jugem.jp,Male
362,Chloe,Gerhardt,cgerhardta1@canalblog.com,Female
363,Domenic,Iacobo,diacoboa2@moonfruit.com,Male
364,Tiebold,Bartali,tbartalia3@illinois.edu,Male
365,Kaitlynn,Verdun,kverduna4@prlog.org,Female
366,Martainn,Pexton,mpextona5@fda.gov,Male
367,Taddeusz,Duckhouse,tduckhousea6@nasa.gov,Male
368,Aurelea,Lawey,alaweya7@gizmodo.com,Bigender
369,Camilla,McGown,cmcgowna8@springer.com,Female
370,Alejandro,covino,acovinoa9@people.com.cn,Non-binary
371,Land,McGrann,lmcgrannaa@soundcloud.com,Male
372,Maynard,Ballefant,mballefantab@technorati.com,Agender
373,Klarika,Christensen,kchristensenac@woothemes.com,Female
374,Marlie,Pittle,mpittlead@bloglines.com,Female
375,Twila,Le Lievre,tlelievreae@imgur.com,Female
376,Marlene,Shorrock,mshorrockaf@g.co,Female
377,Elwyn,Wile,ewileag@hubpages.com,Male
378,Lefty,Mulleary,lmullearyah@blogs.com,Male
379,Jodi,Gobell,jgobellai@huffingtonpost.com,Male
380,Dieter,Alvaro,dalvaroaj@creativecommons.org,Male
381,Cilka,Guillerman,cguillermanak@posterous.com,Female
382,Asher,Pinnigar,apinnigaral@ucsd.edu,Male
383,Renie,Luna,rlunaam@smh.com.au,Female
384,Arman,Feore,afeorean@ca.gov,Male
385,Geneva,Worland,gworlandao@meetup.com,Female
386,Arnuad,Coger,acogerap@edublogs.org,Male
387,Teodora,Hurleston,thurlestonaq@163.com,Female
388,Venita,Rains,vrainsar@guardian.co.uk,Genderfluid
389,Rodie,Calder,rcalderas@google.nl,Female
390,Cinderella,Reeks,creeksat@paginegialle.it,Female
391,Bethany,Stellman,bstellmanau@goodreads.com,Female
392,Jude,Stothart,jstothartav@examiner.com,Male
393,Pansy,Pechell,ppechellaw@blogtalkradio.com,Non-binary
394,Valentine,Blaxall,vblaxallax@simplemachines.org,Non-binary
395,Keelia,Cupitt,kcupittay@wordpress.com,Female
396,Rosanna,Cottill,rcottillaz@twitter.com,Female
397,Darline,Stannah,dstannahb0@state.tx.us,Female
398,Lanie,Iorns,liornsb1@mozilla.com,Male
399,Shell,Barnwille,sbarnwilleb2@addthis.com,Male
400,Craggie,Yurygyn,cyurygynb3@archive.org,Male
401,Donny,Dymock,ddymockb4@fda.gov,Male
402,Arni,Wibrew,awibrewb5@ftc.gov,Male
403,Tomlin,Buckland,tbucklandb6@wufoo.com,Agender
404,Ashton,Wailes,awailesb7@hostgator.com,Male
405,Rutherford,Aspey,raspeyb8@etsy.com,Male
406,Ahmad,Bellord,abellordb9@arstechnica.com,Male
407,Randall,Dunmore,rdunmoreba@cmu.edu,Male
408,Tiphani,Howsden,thowsdenbb@altervista.org,Female
409,Owen,Drews,odrewsbc@theatlantic.com,Male
410,Bartolemo,Bayman,bbaymanbd@addthis.com,Genderqueer
411,Elene,Dowsett,edowsettbe@miibeian.gov.cn,Genderqueer
412,Toma,Ludvigsen,tludvigsenbf@netscape.com,Female
413,Doretta,Rieflin,drieflinbg@oakley.com,Female
414,Albrecht,Corkhill,acorkhillbh@github.io,Male
415,Adda,Bullant,abullantbi@senate.gov,Female
416,Klaus,Broadberry,kbroadberrybj@privacy.gov.au,Agender
417,Bryon,Dyball,bdyballbk@bigcartel.com,Male
418,Elnore,Asker,easkerbl@vistaprint.com,Female
419,Buddy,Wherry,bwherrybm@nih.gov,Male
420,Rose,Van der Son,rvandersonbn@a8.net,Female
421,Lamond,Papaminas,lpapaminasbo@github.io,Male
422,Ambrosius,Mowat,amowatbp@woothemes.com,Agender
423,Marco,Benettolo,mbenettolobq@irs.gov,Male
424,Sandro,Ranklin,sranklinbr@infoseek.co.jp,Male
425,Callean,Kuhnke,ckuhnkebs@livejournal.com,Male
426,George,Garric,ggarricbt@opensource.org,Male
427,Patrizia,Moffat,pmoffatbu@go.com,Female
428,Boothe,Pinnion,bpinnionbv@answers.com,Male
429,Michael,Royan,mroyanbw@sfgate.com,Male
430,Eduardo,Holsall,eholsallbx@ca.gov,Male
431,Mayne,Patnelli,mpatnelliby@marriott.com,Male
432,Simone,Marde,smardebz@qq.com,Male
433,Yehudi,Cochrane,ycochranec0@google.com.au,Bigender
434,Fina,Stollsteimer,fstollsteimerc1@nymag.com,Genderfluid
435,Riccardo,Chittim,rchittimc2@eventbrite.com,Male
436,Jake,Rains,jrainsc3@google.com.hk,Male
437,Phil,Quested,pquestedc4@linkedin.com,Male
438,Ambrosio,Werendell,awerendellc5@opensource.org,Male
439,Gibbie,Awcoate,gawcoatec6@dell.com,Male
440,Lib,Seiler,lseilerc7@techcrunch.com,Agender
441,Thain,Colleton,tcolletonc8@google.com.hk,Male
442,Dell,Matthew,dmatthewc9@jiathis.com,Female
443,Judon,Harefoot,jharefootca@constantcontact.com,Male
444,Perkin,Healing,phealingcb@people.com.cn,Male
445,Axel,Quig,aquigcc@github.com,Male
446,Skip,Rentcome,srentcomecd@prlog.org,Male
447,Willem,Ferrarello,wferrarelloce@umn.edu,Male
448,Lidia,Tyzack,ltyzackcf@adobe.com,Female
449,Yard,Skelbeck,yskelbeckcg@seattletimes.com,Male
450,Nikolos,Robertet,nrobertetch@examiner.com,Male
451,Germaine,Iczokvitz,giczokvitzci@google.com.au,Female
452,Curry,Kidner,ckidnercj@ustream.tv,Male
453,Sansone,Fulle,sfulleck@auda.org.au,Male
454,Jeffrey,Boyan,jboyancl@xrea.com,Male
455,Ragnar,Bearne,rbearnecm@taobao.com,Male
456,Berti,Fisk,bfiskcn@bbb.org,Female
457,Gabriela,Dymoke,gdymokeco@tamu.edu,Female
458,Shari,Humbee,shumbeecp@yellowbook.com,Female
459,Port,Yuranovev,pyuranovevcq@google.it,Male
460,Noella,Ramshaw,nramshawcr@yahoo.com,Female
461,Hildy,Leynagh,hleynaghcs@shinystat.com,Female
462,Kevon,Heffron,kheffronct@webeden.co.uk,Male
463,Lira,Egdale,legdalecu@facebook.com,Female
464,Stillman,Bougourd,sbougourdcv@blinklist.com,Agender
465,Rona,Peltz,rpeltzcw@biblegateway.com,Female
466,Theodor,Ferneyhough,tferneyhoughcx@rakuten.co.jp,Male
467,Missy,Provis,mproviscy@mozilla.com,Female
468,Evvie,Gallone,egallonecz@i2i.jp,Female
469,Millisent,Buzzing,mbuzzingd0@ask.com,Female
470,Florie,Jollands,fjollandsd1@flavors.me,Female
471,Shandy,Clamp,sclampd2@foxnews.com,Female
472,Murdoch,Roizn,mroiznd3@vistaprint.com,Male
473,Trudie,Middle,tmiddled4@princeton.edu,Female
474,Billy,Itzakovitz,bitzakovitzd5@umn.edu,Male
475,De,Rolles,drollesd6@artisteer.com,Genderfluid
476,Kilian,Hunnicot,khunnicotd7@over-blog.com,Male
477,Adolphus,Kisting,akistingd8@techcrunch.com,Male
478,Christian,Housley,chousleyd9@stumbleupon.com,Male
479,Merl,Bordes,mbordesda@cisco.com,Genderfluid
480,Lynnet,Lindbergh,llindberghdb@etsy.com,Female
481,Emile,Lamborn,elamborndc@cbslocal.com,Bigender
482,Robb,Wedlock,rwedlockdd@altervista.org,Male
483,Cordy,Schuricht,cschurichtde@answers.com,Male
484,Livvyy,Hariot,lhariotdf@arstechnica.com,Female
485,Sergio,Handmore,shandmoredg@unesco.org,Male
486,Murdoch,Crady,mcradydh@cocolog-nifty.com,Male
487,Burty,Gymlett,bgymlettdi@usda.gov,Male
488,Mellisent,Shoreson,mshoresondj@sbwire.com,Female
489,Antin,Hulme,ahulmedk@ameblo.jp,Non-binary
490,Clare,Jendrys,cjendrysdl@fotki.com,Male
491,Rosina,Guerra,rguerradm@loc.gov,Genderqueer
492,Booth,Kloska,bkloskadn@webs.com,Male
493,Ive,Curthoys,icurthoysdo@accuweather.com,Male
494,Andrea,Benazet,abenazetdp@netscape.com,Polygender
495,Raff,Volet,rvoletdq@mashable.com,Male
496,Raviv,Enoksson,renokssondr@tumblr.com,Male
497,Harris,Sankey,hsankeyds@ucsd.edu,Male
498,Kelcie,Delion,kdeliondt@altervista.org,Female
499,Dana,Fink,dfinkdu@addtoany.com,Female
500,Anabal,Cassels,acasselsdv@un.org,Female
501,Reggy,Briggs,rbriggsdw@oakley.com,Male
502,Anatol,Conkay,aconkaydx@bloglines.com,Male
503,Rory,Stathers,rstathersdy@sphinn.com,Female
504,Cymbre,Riche,crichedz@miitbeian.gov.cn,Female
505,Page,Margrett,pmargrette0@phpbb.com,Female
506,Thaddus,Braunfeld,tbraunfelde1@so-net.ne.jp,Male
507,Ivett,Branchet,ibranchete2@linkedin.com,Female
508,Desmond,Rothchild,drothchilde3@facebook.com,Male
509,Elvis,Eliesco,eeliescoe4@fastcompany.com,Male
510,Yankee,Rosterne,yrosternee5@blinklist.com,Male
511,Keen,Barthrop,kbarthrope6@mac.com,Male
512,Rickert,Stowers,rstowerse7@people.com.cn,Agender
513,Tabbatha,Shilstone,tshilstonee8@slideshare.net,Female
514,Randolf,Ortell,rortelle9@huffingtonpost.com,Male
515,Leif,Trembath,ltrembathea@ocn.ne.jp,Male
516,Bessie,Silcox,bsilcoxeb@livejournal.com,Female
517,Christen,Sunter,csunterec@paginegialle.it,Polygender
518,Chrysler,Normandale,cnormandaleed@w3.org,Female
519,Elfreda,Volk,evolkee@tinyurl.com,Female
520,Jenna,Binion,jbinionef@scribd.com,Female
521,Mattheus,Neligan,mneliganeg@technorati.com,Male
522,Jess,Haselhurst,jhaselhursteh@irs.gov,Male
523,Rozanna,Schimann,rschimannei@about.me,Female
524,Baxy,Cathie,bcathieej@usda.gov,Male
525,Tobey,MacCumeskey,tmaccumeskeyek@mac.com,Female
526,Rosemarie,Talmadge,rtalmadgeel@phpbb.com,Female
527,Ursa,Hacard,uhacardem@ox.ac.uk,Female
528,Jules,Lorden,jlordenen@dion.ne.jp,Male
529,Josias,MacDermid,jmacdermideo@de.vu,Male
530,Brandy,Ballin,bballinep@weebly.com,Male
531,Ferdie,Ryrie,fryrieeq@mtv.com,Male
532,Carlynne,Palin,cpaliner@umn.edu,Female
533,Suzie,Doveston,sdovestones@oakley.com,Female
534,Kyle,Greasty,kgreastyet@indiatimes.com,Male
535,Loren,Shewen,lsheweneu@msu.edu,Female
536,Silvester,Van der Son,svandersonev@oaic.gov.au,Male
537,Delmer,Kybbye,dkybbyeew@wsj.com,Male
538,Shelba,Stiger,sstigerex@google.ca,Female
539,Monty,Benzi,mbenziey@spotify.com,Male
540,Esra,Haynes,ehaynesez@state.gov,Male
541,Hamid,Willeman,hwillemanf0@squidoo.com,Male
542,Salvatore,Charlesworth,scharlesworthf1@goo.ne.jp,Male
543,Seamus,Spohr,sspohrf2@huffingtonpost.com,Male
544,Fax,Tattoo,ftattoof3@europa.eu,Male
545,Catherine,Courvert,ccourvertf4@digg.com,Female
546,Fawne,Ogers,fogersf5@squarespace.com,Female
547,Lowe,Carrier,lcarrierf6@csmonitor.com,Male
548,Lauretta,Sands-Allan,lsandsallanf7@jiathis.com,Female
549,Gerhardt,Genney,ggenneyf8@mediafire.com,Male
550,Juana,Cuddehy,jcuddehyf9@independent.co.uk,Bigender
551,Swen,Evensden,sevensdenfa@multiply.com,Male
552,Jami,Goodered,jgooderedfb@webeden.co.uk,Female
553,Mavra,Broader,mbroaderfc@t-online.de,Female
554,Read,Dubber,rdubberfd@wikia.com,Male
555,Nydia,Jee,njeefe@whitehouse.gov,Female
556,Bette,Hanner,bhannerff@youku.com,Female
557,Bertrando,Treleven,btrelevenfg@google.de,Male
558,Jerrie,Glynne,jglynnefh@ox.ac.uk,Female
559,Tate,Speakman,tspeakmanfi@prlog.org,Agender
560,Kristin,Benezeit,kbenezeitfj@liveinternet.ru,Female
561,Donna,Ellyatt,dellyattfk@ihg.com,Female
562,York,Danelet,ydaneletfl@theguardian.com,Male
563,Aymer,Wickendon,awickendonfm@miitbeian.gov.cn,Male
564,Aurthur,Hemphrey,ahemphreyfn@yelp.com,Male
565,Moishe,Speller,mspellerfo@tumblr.com,Male
566,Kelly,Grigoriscu,kgrigoriscufp@redcross.org,Male
567,Drucie,Scroggie,dscroggiefq@cbslocal.com,Female
568,Gerry,Slyford,gslyfordfr@amazon.co.uk,Agender
569,Piper,Ewell,pewellfs@umich.edu,Female
570,Netti,Ivanuschka,nivanuschkaft@shinystat.com,Female
571,Raffaello,Gyurko,rgyurkofu@liveinternet.ru,Male
572,Andie,Horrell,ahorrellfv@rambler.ru,Female
573,Mile,Reimer,mreimerfw@google.it,Male
574,Ettore,Stringfellow,estringfellowfx@marketwatch.com,Male
575,Alikee,Laban,alabanfy@imdb.com,Female
576,Fritz,Saill,fsaillfz@dyndns.org,Non-binary
577,Matthew,Bellew,mbellewg0@discovery.com,Polygender
578,Wenda,Skilton,wskiltong1@theatlantic.com,Female
579,Adela,Skerritt,askerrittg2@lycos.com,Female
580,Francesco,Banton,fbantong3@about.com,Male
581,Paton,Olivari,polivarig4@go.com,Male
582,Harv,Akenhead,hakenheadg5@alexa.com,Male
583,Reynold,Corrison,rcorrisong6@upenn.edu,Male
584,Laurence,Woodcroft,lwoodcroftg7@walmart.com,Male
585,Wolfgang,Rockall,wrockallg8@webs.com,Male
586,Menard,Neeson,mneesong9@twitter.com,Male
587,Truda,Stiddard,tstiddardga@ibm.com,Female
588,Myron,Stanway,mstanwaygb@over-blog.com,Male
589,Arabel,Garrud,agarrudgc@opera.com,Female
590,Sybil,Sugge,ssuggegd@nhs.uk,Female
591,Randee,Gleadhall,rgleadhallge@phpbb.com,Female
592,Marlane,Jirus,mjirusgf@cnet.com,Non-binary
593,Jacquette,Jordine,jjordinegg@mozilla.com,Female
594,Harriott,O'Hern,hoherngh@dell.com,Female
595,Binky,Dizlie,bdizliegi@pbs.org,Male
596,Abey,Beebee,abeebeegj@businesswire.com,Male
597,Martyn,Wollacott,mwollacottgk@histats.com,Male
598,Gabriellia,Houson,ghousongl@nba.com,Female
599,Wren,Bassill,wbassillgm@1und1.de,Female
600,Salvidor,Woodall,swoodallgn@sun.com,Male
601,Lefty,McIlwrick,lmcilwrickgo@ameblo.jp,Male
602,Cairistiona,Binion,cbiniongp@bandcamp.com,Female
603,Kellen,Thormwell,kthormwellgq@eepurl.com,Genderfluid
604,Kathy,Martinovic,kmartinovicgr@xing.com,Female
605,Esther,Gwyn,egwyngs@utexas.edu,Female
606,Basile,Poyntz,bpoyntzgt@mysql.com,Male
607,Jacenta,Bewley,jbewleygu@mysql.com,Female
608,Idell,Hold,iholdgv@google.fr,Female
609,Davina,Guyon,dguyongw@lycos.com,Female
610,Craig,Drewry,cdrewrygx@cpanel.net,Male
611,Briggs,Dovidaitis,bdovidaitisgy@mozilla.org,Male
612,Kerri,Purbrick,kpurbrickgz@utexas.edu,Female
613,Abbe,Medford,amedfordh0@histats.com,Female
614,Augie,Chesman,achesmanh1@dropbox.com,Male
615,Nicky,Dumphrey,ndumphreyh2@yale.edu,Male
616,Demetrius,Jacobowicz,djacobowiczh3@bigcartel.com,Male
617,Sterne,Plascott,splascotth4@dropbox.com,Male
618,Malia,Nund,mnundh5@usgs.gov,Non-binary
619,Davon,Jacobsz,djacobszh6@odnoklassniki.ru,Male
620,Ceciley,Fargher,cfargherh7@lulu.com,Female
621,Tiebold,Patry,tpatryh8@1688.com,Male
622,Winifield,Seville,wsevilleh9@dailymail.co.uk,Male
623,Palm,Chazotte,pchazotteha@ask.com,Genderfluid
624,Lynnette,Gilardengo,lgilardengohb@alibaba.com,Female
625,Tyrus,O'Moylane,tomoylanehc@ehow.com,Male
626,Aguie,Ivimy,aivimyhd@techcrunch.com,Male
627,Galvan,Ratlee,gratleehe@ebay.co.uk,Male
628,Giacobo,Neighbour,gneighbourhf@youku.com,Male
629,Antonin,Pesic,apesichg@sitemeter.com,Male
630,Philippe,Tart,ptarthh@ameblo.jp,Female
631,Vin,Sebrens,vsebrenshi@prnewswire.com,Male
632,Ewart,Leftbridge,eleftbridgehj@pbs.org,Male
633,Tova,Spight,tspighthk@vinaora.com,Female
634,Iormina,Clohisey,iclohiseyhl@rakuten.co.jp,Female
635,Kippy,McElrath,kmcelrathhm@netscape.com,Female
636,Dinny,Saing,dsainghn@networksolutions.com,Female
637,Jerry,Pearmain,jpearmainho@time.com,Male
638,Leon,todor,ltodorhp@meetup.com,Male
639,Linzy,O'Sheerin,losheerinhq@cyberchimps.com,Female
640,Bartlet,Doswell,bdoswellhr@opensource.org,Non-binary
641,Jerald,Selbie,jselbiehs@google.es,Male
642,Craig,Ellington,cellingtonht@google.com.au,Male
643,Ashlen,Blakebrough,ablakebroughhu@sbwire.com,Agender
644,Lia,Broomer,lbroomerhv@addtoany.com,Female
645,Roxi,Iggo,riggohw@github.io,Female
646,Bird,Brame,bbramehx@arizona.edu,Female
647,Krista,Painswick,kpainswickhy@psu.edu,Female
648,Lorianne,Gillebride,lgillebridehz@wp.com,Female
649,Conchita,Harmour,charmouri0@gnu.org,Female
650,Burnaby,Siggins,bsigginsi1@cnet.com,Male
651,Jsandye,Giffin,jgiffini2@over-blog.com,Female
652,Roscoe,Van Der Weedenburg,rvanderweedenburgi3@washington.edu,Male
653,Brendis,Alibone,balibonei4@goodreads.com,Male
654,Isacco,Lardnar,ilardnari5@unesco.org,Male
655,Valentin,Sly,vslyi6@moonfruit.com,Male
656,Justinn,Deverille,jdeverillei7@walmart.com,Bigender
657,Murielle,Rey,mreyi8@wired.com,Female
658,Kassi,MacCambridge,kmaccambridgei9@multiply.com,Female
659,Freedman,Varley,fvarleyia@eepurl.com,Male
660,Catharine,Gorstidge,cgorstidgeib@mayoclinic.com,Polygender
661,Marguerite,Feldstern,mfeldsternic@sitemeter.com,Female
662,Audry,Laurenson,alaurensonid@storify.com,Female
663,Lazaro,Asher,lasherie@dropbox.com,Male
664,Abby,Lochran,alochranif@opera.com,Male
665,Matias,Sharrocks,msharrocksig@mysql.com,Genderfluid
666,Ricki,Badrick,rbadrickih@theglobeandmail.com,Male
667,Lenka,Beaford,lbeafordii@noaa.gov,Female
668,Rosetta,Lesaunier,rlesaunierij@businessinsider.com,Female
669,Helga,Hartigan,hhartiganik@usatoday.com,Female
670,Vance,Castagneto,vcastagnetoil@lycos.com,Male
671,Arny,Westfalen,awestfalenim@t.co,Male
672,Hasty,Beneix,hbeneixin@drupal.org,Male
673,Jennine,Andreassen,jandreassenio@un.org,Female
674,Welby,Rowbury,wrowburyip@histats.com,Polygender
675,Ephrem,Perago,eperagoiq@fema.gov,Male
676,Obediah,Scranedge,oscranedgeir@myspace.com,Male
677,Kev,O'Mannion,komannionis@ucla.edu,Male
678,Klemens,Crane,kcraneit@who.int,Male
679,Crissy,Manning,cmanningiu@netvibes.com,Female
680,Jedd,Clew,jclewiv@ucla.edu,Male
681,Talyah,Longmead,tlongmeadiw@google.es,Agender
682,Keen,Dingate,kdingateix@elegantthemes.com,Male
683,Sawyer,Guppey,sguppeyiy@hp.com,Male
684,Morty,Pickton,mpicktoniz@youtube.com,Male
685,Cynthea,Glewe,cglewej0@goo.ne.jp,Female
686,Nesta,Fend,nfendj1@friendfeed.com,Genderqueer
687,Jarib,L'Episcopi,jlepiscopij2@flickr.com,Male
688,Sacha,Wyatt,swyattj3@is.gd,Female
689,Meridith,Ringsell,mringsellj4@statcounter.com,Female
690,Shayne,Oneal,sonealj5@thetimes.co.uk,Genderfluid
691,Tom,Benediktsson,tbenediktssonj6@ed.gov,Male
692,Lonna,Gask,lgaskj7@howstuffworks.com,Female
693,Fancie,Dugan,fduganj8@bizjournals.com,Female
694,Fabian,Crewdson,fcrewdsonj9@wix.com,Male
695,Letta,Bolderoe,lbolderoeja@si.edu,Genderfluid
696,Bee,Rusted,brustedjb@barnesandnoble.com,Female
697,Ema,Garling,egarlingjc@parallels.com,Female
698,Warner,Seller,wsellerjd@tinyurl.com,Male
699,Spenser,Wrintmore,swrintmoreje@naver.com,Male
700,Tatiania,Raddenbury,traddenburyjf@tmall.com,Female
701,Joyous,Brugemann,jbrugemannjg@disqus.com,Female
702,Pryce,Twelvetrees,ptwelvetreesjh@twitpic.com,Male
703,Bentley,Danielczyk,bdanielczykji@nih.gov,Genderqueer
704,Shalne,Kubatsch,skubatschjj@prweb.com,Female
705,Angie,Trussell,atrusselljk@ucoz.ru,Male
706,Neddie,Ashborn,nashbornjl@arstechnica.com,Male
707,Silvan,Kalkhoven,skalkhovenjm@bloglovin.com,Male
708,Morganne,Kobierra,mkobierrajn@house.gov,Female
709,Shelli,Easson,seassonjo@last.fm,Female
710,Constantina,MacMechan,cmacmechanjp@drupal.org,Female
711,Valerye,Trustrie,vtrustriejq@geocities.jp,Female
712,Corbet,Coots,ccootsjr@aol.com,Male
713,Rickey,Newband,rnewbandjs@naver.com,Male
714,Shanon,McGown,smcgownjt@pinterest.com,Female
715,Rudiger,Bulger,rbulgerju@ucla.edu,Male
716,Mellie,Stickney,mstickneyjv@cdc.gov,Female
717,Balduin,Giff,bgiffjw@list-manage.com,Male
718,Seth,Steddall,ssteddalljx@psu.edu,Male
719,Aili,Georgelin,ageorgelinjy@springer.com,Bigender
720,Goddard,O'Flaherty,goflahertyjz@wsj.com,Male
721,Jenn,Handslip,jhandslipk0@webeden.co.uk,Female
722,Filmer,Biggadike,fbiggadikek1@businesswire.com,Genderqueer
723,Donni,Piotrkowski,dpiotrkowskik2@slashdot.org,Female
724,Emmye,McKee,emckeek3@sciencedaily.com,Female
725,Webster,Trillo,wtrillok4@bing.com,Male
726,Chaim,Hambly,chamblyk5@harvard.edu,Male
727,Billi,Beswetherick,bbeswetherickk6@dailymail.co.uk,Non-binary
728,Gasparo,Burchatt,gburchattk7@tamu.edu,Male
729,Edeline,Drains,edrainsk8@google.com.hk,Female
730,Nels,Curston,ncurstonk9@mlb.com,Male
731,Sallee,Taggett,staggettka@pbs.org,Female
732,Tate,Nortunen,tnortunenkb@paginegialle.it,Male
733,Lyle,Prawle,lprawlekc@sohu.com,Male
734,Corliss,Ragles,cragleskd@prnewswire.com,Female
735,Edward,Cicconettii,ecicconettiike@nih.gov,Male
736,Jori,Bercevelo,jbercevelokf@dedecms.com,Female
737,Editha,Hardware,ehardwarekg@livejournal.com,Female
738,Kincaid,Wooles,kwooleskh@dropbox.com,Male
739,Sidonia,Sturr,ssturrki@soundcloud.com,Female
740,Nevile,Facey,nfaceykj@economist.com,Male
741,Georgie,Karolovsky,gkarolovskykk@zimbio.com,Female
742,Annette,Boggon,aboggonkl@goodreads.com,Female
743,Tracie,Sherewood,tsherewoodkm@dion.ne.jp,Female
744,Leonidas,Egell,legellkn@washingtonpost.com,Male
745,Cammy,Tuffley,ctuffleyko@illinois.edu,Agender
746,Nelson,Moult,nmoultkp@nydailynews.com,Male
747,Abie,Melby,amelbykq@slideshare.net,Male
748,Davie,Sutch,dsutchkr@loc.gov,Male
749,Matthieu,O'Suaird,mosuairdks@nydailynews.com,Male
750,Leonerd,Pudney,lpudneykt@hc360.com,Male
751,Henri,Bleackley,hbleackleyku@cloudflare.com,Agender
752,Anthe,Burfoot,aburfootkv@goodreads.com,Female
753,Lorrin,Spino,lspinokw@blogs.com,Female
754,Dorolice,Cund,dcundkx@msn.com,Female
755,Willow,Hubbis,whubbisky@smugmug.com,Female
756,Gale,Ropert,gropertkz@bloglines.com,Female
757,Edvard,Scarsbrick,escarsbrickl0@csmonitor.com,Male
758,Selie,Phittiplace,sphittiplacel1@chron.com,Female
759,Saudra,Dyke,sdykel2@tumblr.com,Female
760,Adham,Skehens,askehensl3@techcrunch.com,Male
761,Jody,Kesper,jkesperl4@yolasite.com,Male
762,Devinne,Muldrew,dmuldrewl5@globo.com,Non-binary
763,Gustaf,Colin,gcolinl6@tuttocitta.it,Male
764,Krissy,Wolpert,kwolpertl7@amazonaws.com,Female
765,Wilfrid,Gislebert,wgislebertl8@theatlantic.com,Male
766,Odilia,Anespie,oanespiel9@salon.com,Female
767,Antoni,Mellanby,amellanbyla@domainmarket.com,Male
768,Anjanette,June,ajunelb@ucoz.com,Female
769,Dalli,Kender,dkenderlc@fda.gov,Male
770,Den,Degg,ddeggld@pagesperso-orange.fr,Male
771,Shandie,Stratford,sstratfordle@nih.gov,Female
772,Emmet,Peattie,epeattielf@liveinternet.ru,Male
773,Hedwiga,Gillmore,hgillmorelg@wix.com,Female
774,Johanna,Staziker,jstazikerlh@umn.edu,Female
775,Sayer,Gittoes,sgittoesli@feedburner.com,Male
776,Merwyn,Jankowski,mjankowskilj@nps.gov,Polygender
777,Towney,Brendish,tbrendishlk@cyberchimps.com,Male
778,Theo,Isselee,tisseleell@mozilla.org,Male
779,Herculie,Tourry,htourrylm@java.com,Male
780,Carolus,Baxstair,cbaxstairln@toplist.cz,Male
781,Tori,Ales0,taleslo@over-blog.com,Female
782,Marchall,Bichener,mbichenerlp@fc2.com,Male
783,Amara,Sunley,asunleylq@hatena.ne.jp,Female
784,Bernardine,Stripp,bstripplr@ibm.com,Female
785,Alden,Pawelski,apawelskils@1und1.de,Male
786,Donn,O'Henecan,dohenecanlt@mlb.com,Male
787,Mable,Gilbart,mgilbartlu@themeforest.net,Female
788,Conni,Clutheram,cclutheramlv@vimeo.com,Female
789,Mayer,Clemson,mclemsonlw@xrea.com,Male
790,Neall,D'Andrea,ndandrealx@wikispaces.com,Male
791,Skipp,Fearns,sfearnsly@economist.com,Agender
792,Kati,Kittless,kkittlesslz@histats.com,Female
793,Edgardo,Stapley,estapleym0@squarespace.com,Male
794,Jannelle,Wallbank,jwallbankm1@newyorker.com,Female
795,Rudolph,McNabb,rmcnabbm2@cpanel.net,Male
796,Ericha,Huckabe,ehuckabem3@friendfeed.com,Genderfluid
797,Quincey,Farrington,qfarringtonm4@eventbrite.com,Male
798,Isak,Deverille,ideverillem5@comsenz.com,Male
799,Orly,Pregal,opregalm6@senate.gov,Female
800,Urbain,Winney,uwinneym7@alexa.com,Male
801,Kristel,Troughton,ktroughtonm8@google.de,Female
802,Lara,Piscotti,lpiscottim9@ovh.net,Female
803,Cletis,Wittrington,cwittringtonma@dropbox.com,Male
804,Noam,O' Clovan,noclovanmb@360.cn,Male
805,Fairlie,Gellan,fgellanmc@geocities.com,Male
806,Horton,Batalle,hbatallemd@google.it,Male
807,Ardyth,Bridgland,abridglandme@exblog.jp,Female
808,Colleen,Niemetz,cniemetzmf@theguardian.com,Female
809,Beryl,Bough,bboughmg@edublogs.org,Female
810,Alexi,Muncaster,amuncastermh@etsy.com,Female
811,Donni,Tivers,dtiversmi@dailymail.co.uk,Female
812,Nona,Bottjer,nbottjermj@bbc.co.uk,Female
813,Skipper,Sutherden,ssutherdenmk@g.co,Male
814,Erastus,Coppen,ecoppenml@google.co.jp,Male
815,Ruperta,Compson,rcompsonmm@psu.edu,Female
816,Darsey,Frayne,dfraynemn@weather.com,Female
817,Marga,Thewless,mthewlessmo@github.com,Female
818,Bennett,Bittlestone,bbittlestonemp@bravesites.com,Male
819,Madelyn,Napthine,mnapthinemq@marriott.com,Female
820,Silvanus,Lemanu,slemanumr@intel.com,Male
821,Marrissa,Storr,mstorrms@fc2.com,Female
822,Vinni,Edens,vedensmt@princeton.edu,Bigender
823,Goddart,Burles,gburlesmu@a8.net,Male
824,Stavros,Rabl,srablmv@opera.com,Male
825,Wallace,McCay,wmccaymw@buzzfeed.com,Male
826,Rozamond,Oag,roagmx@goodreads.com,Bigender
827,Neddy,Spargo,nspargomy@youtube.com,Male
828,Mandy,Caldecutt,mcaldecuttmz@youtube.com,Female
829,Berenice,Katt,bkattn0@berkeley.edu,Agender
830,Beauregard,Musgrove,bmusgroven1@yellowpages.com,Male
831,Candace,Cramer,ccramern2@oracle.com,Female
832,Car,Lydster,clydstern3@forbes.com,Male
833,Zachariah,Demaine,zdemainen4@yellowpages.com,Male
834,Robbi,De Normanville,rdenormanvillen5@yelp.com,Female
835,Link,Zorzi,lzorzin6@mayoclinic.com,Male
836,Asia,Reedman,areedmann7@upenn.edu,Female
837,Collete,Adamson,cadamsonn8@spiegel.de,Female
838,Emmie,Skally,eskallyn9@icq.com,Non-binary
839,Toby,Bennis,tbennisna@cbsnews.com,Male
840,Cornell,Crother,ccrothernb@technorati.com,Male
841,Clarinda,Jerram,cjerramnc@amazon.de,Female
842,Tilda,Ladbury,tladburynd@360.cn,Female
843,Maudie,Conachie,mconachiene@yale.edu,Female
844,Carlin,Bairnsfather,cbairnsfathernf@businesswire.com,Male
845,Mort,Timcke,mtimckeng@shop-pro.jp,Genderfluid
846,Lockwood,Bidewell,lbidewellnh@loc.gov,Male
847,Klarika,Beadel,kbeadelni@bloglines.com,Female
848,Jaquith,Carsberg,jcarsbergnj@state.tx.us,Female
849,Laryssa,Southerill,lsoutherillnk@kickstarter.com,Female
850,Ali,Tilliards,atilliardsnl@cornell.edu,Female
851,Wilma,Monshall,wmonshallnm@epa.gov,Female
852,Frannie,Linfoot,flinfootnn@usatoday.com,Female
853,Traver,Kiraly,tkiralyno@xinhuanet.com,Male
854,Tarrah,Brokenbrow,tbrokenbrownp@weebly.com,Female
855,Truman,MacCracken,tmaccrackennq@yale.edu,Male
856,Noel,Schoales,nschoalesnr@tamu.edu,Agender
857,Horton,Testo,htestons@exblog.jp,Male
858,Dael,Mack,dmacknt@icio.us,Female
859,Rubie,Allsworth,rallsworthnu@myspace.com,Female
860,Aimil,Faint,afaintnv@alexa.com,Female
861,Prudence,Lansly,planslynw@1688.com,Female
862,Raquel,Deller,rdellernx@linkedin.com,Female
863,Truman,Moar,tmoarny@about.com,Male
864,Prinz,Borer,pborernz@list-manage.com,Male
865,Bailie,Gambrell,bgambrello0@businessinsider.com,Male
866,Natasha,Shackle,nshackleo1@goo.ne.jp,Female
867,Leda,Fairleigh,lfairleigho2@unc.edu,Female
868,Ly,Brannigan,lbrannigano3@discuz.net,Male
869,Bili,Patesel,bpateselo4@wp.com,Female
870,Reinold,Silverton,rsilvertono5@networkadvertising.org,Male
871,Kendrick,Strood,kstroodo6@vistaprint.com,Male
872,Eli,Dominichetti,edominichettio7@wunderground.com,Male
873,Warden,Vankov,wvankovo8@rambler.ru,Male
874,Mill,Alloway,mallowayo9@biglobe.ne.jp,Male
875,Iolanthe,Jecock,ijecockoa@seesaa.net,Female
876,Ailbert,Beelby,abeelbyob@cnbc.com,Male
877,Roslyn,Trammel,rtrammeloc@163.com,Female
878,Antonietta,Golda,agoldaod@sakura.ne.jp,Female
879,Helsa,Alison,halisonoe@bigcartel.com,Female
880,Bayard,McDuffy,bmcduffyof@smh.com.au,Male
881,Chaddy,Scraney,cscraneyog@trellian.com,Male
882,Erina,Droghan,edroghanoh@dell.com,Female
883,Cecilla,Say,csayoi@qq.com,Female
884,Weber,Trittam,wtrittamoj@umich.edu,Male
885,Kissee,Sikora,ksikoraok@mail.ru,Female
886,Hesther,Spoerl,hspoerlol@nytimes.com,Bigender
887,Abey,Felmingham,afelminghamom@irs.gov,Non-binary
888,Sydney,McColm,smccolmon@w3.org,Male
889,Garik,Lamkin,glamkinoo@ucsd.edu,Male
890,Orelle,Swatridge,oswatridgeop@disqus.com,Female
891,Helen-elizabeth,Kinmond,hkinmondoq@army.mil,Female
892,Orv,Bartoszewski,obartoszewskior@imdb.com,Male
893,Roseann,O'Reagan,roreaganos@netvibes.com,Female
894,Sonja,Sampson,ssampsonot@state.tx.us,Female
895,Mervin,Costain,mcostainou@wunderground.com,Male
896,Hube,Ashbey,hashbeyov@nps.gov,Male
897,Chastity,Casa,ccasaow@sohu.com,Female
898,Min,Le feaver,mlefeaverox@amazon.co.jp,Female
899,Mariana,Erickssen,merickssenoy@europa.eu,Female
900,Eadmund,Ballintime,eballintimeoz@bing.com,Male
901,Rustin,Dykes,rdykesp0@google.com,Male
902,Egon,Streight,estreightp1@miibeian.gov.cn,Male
903,Malcolm,Spurret,mspurretp2@alibaba.com,Male
904,Dave,Gregr,dgregrp3@telegraph.co.uk,Male
905,Marlo,Clericoates,mclericoatesp4@pen.io,Non-binary
906,Faun,Gornar,fgornarp5@comsenz.com,Non-binary
907,Asher,Seeborne,aseebornep6@microsoft.com,Male
908,Gray,Narup,gnarupp7@wikimedia.org,Male
909,Thurstan,Medcalf,tmedcalfp8@multiply.com,Male
910,Zorine,Burrows,zburrowsp9@hexun.com,Female
911,Dennet,Ashe,dashepa@foxnews.com,Male
912,Nola,McGreay,nmcgreaypb@histats.com,Female
913,Levon,Varnes,lvarnespc@mozilla.org,Male
914,Daryn,Ankers,dankerspd@shop-pro.jp,Female
915,Dixie,Koppke,dkoppkepe@wordpress.com,Female
916,Leanna,Shearmur,lshearmurpf@vk.com,Female
917,Derward,Mealand,dmealandpg@flickr.com,Male
918,Rubin,Ryam,rryamph@jiathis.com,Male
919,Felice,Bruyns,fbruynspi@blogspot.com,Female
920,Cherry,Rumgay,crumgaypj@dion.ne.jp,Female
921,Cad,Croote,ccrootepk@naver.com,Male
922,Bradney,Dudeney,bdudeneypl@163.com,Male
923,Blakelee,Borton,bbortonpm@youtube.com,Female
924,Kendal,Fyall,kfyallpn@java.com,Male
925,Mira,Pexton,mpextonpo@friendfeed.com,Female
926,Theodoric,Candwell,tcandwellpp@java.com,Male
927,Jonathon,Lukianovich,jlukianovichpq@yahoo.com,Male
928,Hamil,Paule,hpaulepr@exblog.jp,Male
929,Hamlin,Turk,hturkps@comcast.net,Male
930,Jonah,Sprosson,jsprossonpt@ibm.com,Male
931,Mauricio,Pomfret,mpomfretpu@hubpages.com,Male
932,Aubrey,Tuffs,atuffspv@histats.com,Female
933,Ranice,Stiegers,rstiegerspw@buzzfeed.com,Female
934,Ardelle,Rathbourne,arathbournepx@hp.com,Agender
935,Ty,Hartas,thartaspy@domainmarket.com,Male
936,Roxy,Lenin,rleninpz@reddit.com,Female
937,Slade,Gossage,sgossageq0@skyrock.com,Male
938,Nerti,Krzyzanowski,nkrzyzanowskiq1@php.net,Female
939,Radcliffe,McCreery,rmccreeryq2@hugedomains.com,Male
940,Mada,Lyptratt,mlyptrattq3@ed.gov,Female
941,Rudolph,Vannuccini,rvannucciniq4@elegantthemes.com,Male
942,Rozele,Drews,rdrewsq5@sfgate.com,Genderfluid
943,Verile,Mussen,vmussenq6@privacy.gov.au,Female
944,Abby,Vipan,avipanq7@wordpress.com,Male
945,Leicester,Vignaux,lvignauxq8@amazonaws.com,Genderfluid
946,Akim,Kenna,akennaq9@shareasale.com,Male
947,Giorgi,Fireman,gfiremanqa@dion.ne.jp,Male
948,Helenelizabeth,McElmurray,hmcelmurrayqb@cafepress.com,Female
949,Lina,Sergant,lsergantqc@altervista.org,Female
950,Lorena,Geffe,lgeffeqd@unblog.fr,Female
951,Tedi,Haughan,thaughanqe@stumbleupon.com,Female
952,Amaleta,Grady,agradyqf@webeden.co.uk,Female
953,Edith,Jacklings,ejacklingsqg@wikispaces.com,Female
954,Ogdan,Sketh,oskethqh@craigslist.org,Male
955,Honey,Stainer,hstainerqi@soundcloud.com,Female
956,Charla,Valti,cvaltiqj@sourceforge.net,Female
957,Fairfax,Frearson,ffrearsonqk@ibm.com,Male
958,Chicky,Twidell,ctwidellql@ning.com,Male
959,Kial,Curnow,kcurnowqm@soundcloud.com,Female
960,Desmond,Morling,dmorlingqn@dmoz.org,Male
961,Fan,Brodest,fbrodestqo@privacy.gov.au,Female
962,Randell,Lynam,rlynamqp@etsy.com,Male
963,Kacy,Circuitt,kcircuittqq@indiatimes.com,Female
964,Decca,Maytum,dmaytumqr@vinaora.com,Male
965,Constantina,Cumberledge,ccumberledgeqs@telegraph.co.uk,Bigender
966,Shem,Hacquard,shacquardqt@bigcartel.com,Male
967,Levi,Bartholat,lbartholatqu@over-blog.com,Male
968,Orson,Plak,oplakqv@theatlantic.com,Male
969,Cort,Tolcharde,ctolchardeqw@state.gov,Non-binary
970,Ivory,Parkman,iparkmanqx@amazon.co.jp,Female
971,Adolphus,MacCrackan,amaccrackanqy@fastcompany.com,Male
972,Hedwiga,Stathers,hstathersqz@jalbum.net,Female
973,Stanly,Corain,scorainr0@amazon.de,Male
974,Barnaby,Staner,bstanerr1@forbes.com,Male
975,Claudetta,Wanell,cwanellr2@ftc.gov,Non-binary
976,Sawyere,Athy,sathyr3@dedecms.com,Male
977,Analiese,Hedney,ahedneyr4@ca.gov,Female
978,Roderick,Vaudrey,rvaudreyr5@forbes.com,Male
979,Johnathan,Allingham,jallinghamr6@google.co.uk,Male
980,Colman,Phibb,cphibbr7@goo.ne.jp,Male
981,Rod,Theobalds,rtheobaldsr8@webeden.co.uk,Male
982,Johna,Enevoldsen,jenevoldsenr9@mozilla.com,Female
983,Roderick,Burcher,rburcherra@g.co,Genderqueer
984,Freida,Cassy,fcassyrb@ustream.tv,Female
985,Kassandra,Lenox,klenoxrc@mlb.com,Female
986,Corabelle,Pestell,cpestellrd@ameblo.jp,Female
987,Roarke,MacLeod,rmacleodre@so-net.ne.jp,Male
988,Garvin,Blues,gbluesrf@icio.us,Male
989,Hyman,Quarterman,hquartermanrg@marketwatch.com,Male
990,Lyndel,Arangy,larangyrh@blogs.com,Non-binary
991,Even,Whiteoak,ewhiteoakri@bloglovin.com,Bigender
992,Clerc,Shill,cshillrj@indiatimes.com,Male
993,Muffin,Leaburn,mleaburnrk@cbsnews.com,Male
994,Abey,Minichi,aminichirl@ucla.edu,Male
995,Hurley,Ragles,hraglesrm@forbes.com,Male
996,Dirk,Braidon,dbraidonrn@opensource.org,Agender
997,Kimberlyn,Bonnet,kbonnetro@blogs.com,Female
998,Edmon,Rushmare,erushmarerp@nih.gov,Male
999,Marge,MacVay,mmacvayrq@mozilla.org,Female
1000,Teador,Phelipeau,tphelipeaurr@tumblr.com,Genderqueer
